"SMILES","ALDH1_inhibition"
"COc1ccccc1CC(NC(C)=O)C(=O)NC1CCN(c2nnnn2-c2ccccc2)CC1","1"
"O=C(CSc1nc2cccnc2n1Cc1ccccc1)NCc1ccco1","1"
"Cc1cccc2cc(C[NH+](CC3CCCO3)C(c3nnnn3Cc3ccco3)C(C)C)c(O)nc12","1"
"CCN(CC)c1ccc2c(Cl)c(Br)c(=O)oc2c1","1"
"CS(=O)(=O)N1CCc2cc(-c3csc(NC(=O)Cc4cccs4)n3)ccc21","1"
"CC1CCCCN1S(=O)(=O)c1ccc(NC(=O)c2cccc(-n3cnnn3)c2)cc1","1"
"COCCN(C(=O)C(F)(F)F)C(C(=O)NC1CCCCC1)c1ccco1","1"
"COc1ccccc1N1CCN(C(=O)CSc2nnc(-c3ccoc3C)o2)CC1","1"
"O=c1c2ccccc2nc(SCc2ccccc2)n1Cc1ccco1","1"
"N#Cc1c(NC(=O)CSc2nnnn2C2CCCC2)sc2c1CCCC2","1"
"COc1ccc(C(=O)C2=C(O)C(=O)N(c3cc(C)on3)C2c2ccccc2OC)cc1","1"
"C/C([NH2+]CCC[NH+]1CCOCC1)=C1/C(=O)NC(=O)N(c2ccccc2C)C1=O","1"
"CCC(CC)COC(=O)C(C#N)c1nc2ccccc2nc1N1CCOCC1","1"
"CCc1nc(NCC[NH+]2CCOCC2)c2oc3ccccc3c2n1","1"
"Cc1cc(-n2c(C)cc(C(=O)CSc3nnnn3-c3ccccc3)c2C)no1","1"
"Cc1ccc(C)c(SCC(=O)OCC(=O)Nc2ccc(S(=O)(=O)N3CCOCC3)cc2)c1","1"
"Cc1ccc(-n2nnnc2SCC(=O)c2cc(C)n(-c3cc(C)on3)c2C)c(C)c1","1"
"O=S(=O)(c1ccc2c(c1)OCCO2)N(Cc1ccc(F)cc1)Cc1nnc(-c2cccs2)o1","1"
"CCN(C(=O)CSc1nc[nH]n1)c1cccc2ccccc12","1"
"CN(Cc1ccccc1)C(=O)CSc1nc2ccccc2c(=O)n1Cc1ccco1","1"
"O=c1oc2ccccc2c([O-])c1/C=N/Cc1ccccn1","1"
"COC(=O)c1c(N)n(-c2ccc(N3CCOCC3)cc2)c2nc3ccccc3nc12","1"
"O=C([O-])c1ccccc1C(=O)N1CCN(c2ccccc2)CC1","1"
"COc1cccc(Cn2c(=O)cnc3cncnc32)c1","1"
"O=C(c1ccco1)N1CCC[C@@]2(CC[NH+](Cc3ccncc3)C2)C1","1"
"COc1ccc(S(=O)(=O)N2CCC(C(=O)Nc3ccccc3C)CC2)c2cccnc12","1"
"CCOC(=O)N1CCN(C(=O)Nc2sc3nc4n(c(=O)c3c2C)CCC(C)CC4)CC1","1"
"O=C(CCS(=O)(=O)c1cccc2nsnc12)N1CCN(C(=O)c2ccco2)CC1","1"
"CCOC(=O)Cn1c(=O)n(Cc2ccco2)c(=O)c2ccc(C(=O)NCCc3ccccc3)cc21","1"
"CSC1=[NH+]CCN1C(=O)c1ccc2c(c1)OCO2","1"
"Cc1c(C(=O)N2CC[NH+](Cc3ccccc3)CC2)sc2ncnc(N3CCOCC3)c12","1"
"CCCCCn1c(C[NH+]2CCN(c3cc(Cl)ccc3C)CC2)nc2c1c(=O)[nH]c(=O)n2C","1"
"O=C(Nc1nccs1)C1(S(=O)(=O)c2ccc(Cl)cc2)CC1","1"
"CN(C(=O)c1ccccn1)C(C(=O)Nc1ccc2c(c1)OCCO2)c1ccccc1","1"
"CSc1ccc(C(=O)C(C)(C)[NH+]2CCOCC2)cc1","1"
"CCCn1c2ccccc2c2nnc(SCC(=O)Nc3ncccn3)nc21","1"
"CC1(C)CC(=O)C2=C(C1)OC(c1cccs1)C(C#N)=C2[NH3+]","1"
"COc1ccc(Nc2cc(=O)n(C3CCCCC3)c(=O)[nH]2)c(OC)c1","1"
"O=C(CCNS(=O)(=O)c1cccc2nonc12)N1CCN(c2cccc(Cl)c2)CC1","1"
"O=C(C[NH+]1CCN(S(=O)(=O)c2cc(Cl)ccc2Cl)CC1)Nc1ccc2c(c1)OCCO2","1"
"COc1ccc(Br)cc1CNC(=O)C1CCN(S(=O)(=O)N2CCCCC2)CC1","1"
"CC(=O)Nc1ccc(NC(=O)Cn2cnc3c(cnn3C(C)(C)C)c2=O)cc1","1"
"CCOc1ccc(NC(=O)N(CC[NH+]2CCOCC2)Cc2ccc3c(c2)CCCN3CC)cc1","1"
"COc1ccc(S(=O)(=O)N2CCC[NH+](CC(=O)Nc3ccc(OC)c(Cl)c3)CC2)cc1","1"
"CCCN1C(=O)C(O)(C2CC(=O)CC(C)(C)O2)c2ccccc21","1"
"N#CC1=C(SCC(=O)NC23CC4CC(CC(C4)C2)C3)NC(=O)C(C#N)C12CCCCC2","1"
"O=C(CCNc1cc(Cl)cc(Cl)c1)c1ccco1","1"
"CC(C)(C)c1cc(C[NH+](CCO)CCO)cc(C(C)(C)C)c1O","1"
"O=C1CC(Sc2nnc(-c3ccccc3)o2)C(=O)N1c1ccccc1","1"
"COc1ccc(N/C=C2/CCCCC2=O)cc1","1"
"CC(C)(C)c1ccc(S(=O)(=O)NCC(=O)N2CCN(C(=O)c3ccco3)CC2)cc1","1"
"CC1=C(C(=O)Nc2ccccc2)C(c2cccs2)n2nnnc2N1","1"
"CCOc1cc(C2C(C#N)=C([NH3+])SC([NH3+])=C2C#N)ccc1OCC[NH+]1CCOCC1","1"
"CS(=O)(=O)N(CC(=O)NCCSCc1c(F)cccc1Cl)c1ccc2c(c1)OCO2","1"
"CSc1ccccc1NS(=O)(=O)c1ccccc1","1"
"COC(=O)c1ccsc1NC(=O)CSc1nnnn1-c1ccccc1SC","1"
"COc1ccc(-n2nnnc2S(=O)(=O)Cc2ccc(C(=O)[O-])cc2)cc1","1"
"O=C(CC1(O)C(=O)N(Cc2ccccc2Cl)c2ccccc21)c1ccco1","1"
"CCOc1ccc(NC(=O)C2CC(=O)N3CCC[NH+]=C3S2)cc1","1"
"O=C1C2C(C(=O)N1Cc1ccco1)C1C=CC2C12CC2","1"
"CCCCN1C(=O)C(NC(C)=O)c2ccccc21","1"
"O=C(CCCN1C(=O)CSc2ncccc21)N1CC[NH+](Cc2ccccc2)CC1","1"
"COc1ccc(-n2nnnc2S(=O)(=O)CC(=O)N2CCCCC2)cc1","1"
"COc1ccc(-n2c(Cc3cccn3C)nnc2SCC(=O)Nc2ccc3c(c2)OCO3)cc1","1"
"Cc1c(C(=O)OCC2CCCO2)[nH]c2c1C(=O)CC(c1ccc(N(C)C)cc1)C2","1"
"CC(=O)NC(CC(C)C)C(=O)NC(=O)NCc1ccccc1","1"
"COC(=O)c1coc(-c2ccc(C)cc2)c1C(=O)OC","1"
"O=C(Nc1cccc(OC(F)(F)F)c1)c1ccc(Br)o1","1"
"O=C(NCc1ccco1)c1cnccn1","1"
"CCOC(=O)CC(C(=O)OCC)P(=O)(c1ccccc1)c1ccccc1","1"
"CC(=O)Oc1ccc(N2C(=O)C3C(C2=O)C2(C)C=CC3(C)O2)cc1","1"
"O=C(Nc1ccc(O)cc1)c1cc(S(=O)(=O)N2CCCC2)ccc1Cl","1"
"O=C([O-])C1CC=CCC1C(=O)Nc1cccc(Cl)c1","1"
"COc1ccc2c(c1OC)C(=O)N(c1cccc(C)c1)C2=O","1"
"Cc1cc2n(n1)SC(Nc1ccc(F)cc1)N2","1"
"CC(C)OC(=O)C[C@]12CN3C[NH+](C1)C[C@@](CC(=O)OC(C)C)(C3)C2=O","1"
"COc1ccc(Cn2nnnc2C(c2cc3ccc(OC)cc3nc2O)[NH+]2CCC(C)CC2)cc1","1"
"COc1ccccc1CN(CC(=O)NCc1ccc2c(c1)OCO2)C(=O)c1ccc2c(c1)OCCO2","1"
"Cc1ccc(CN(C(=O)c2csnn2)C(C(=O)NC2CCCC2)c2ccc(C)o2)cc1","1"
"COc1cc(S(=O)(=O)N2CCCCC2)ccc1NC(=O)c1ccccc1Cl","1"
"COc1ccc(NC(=O)C2CCN(c3nnnn3-c3ccccc3)CC2)cc1","1"
"C=CCn1c(=S)[nH]c2sc3c(c2c1=O)CCC3","1"
"CCOc1ccccc1C(C(=O)NC1CCCC1)N(Cc1ccco1)C(=O)CNC(=O)c1ccco1","1"
"O=C1c2sc3nc4n(c(=O)c3c2CCC1Br)CCCCC4","1"
"COc1ccccc1NN=C1C(=O)CC(C)(C)CC1=O","1"
"NC(=S)NNc1cccc(Cl)c1","1"
"CC1=CC(C)C2C(=O)N(O)C(=O)C2C1","1"
"CCCCN1C(=O)/C(=c2\sc3nc(=O)c(-c4ccccc4)nn3c2=O)c2ccccc21","1"
"COc1cc(NC(=O)c2cc(C(C)C)on2)c(OC)cc1Cl","1"
"COCCNC(=O)c1ccc2c(=O)n(Cc3ccco3)c(SCC(=O)NC3CCCC3)nc2c1","1"
"CCC(Sc1nc2cc(OC)c(OC)cc2c(=O)n1Cc1ccco1)C(=O)NCCOC","1"
"COc1ccc(C(=O)n2nc(C)c(Br)c2C)cc1","1"
"COc1ccc(S(=O)(=O)Nc2ccc(S(=O)(=O)N3CCCCC3)cc2)cc1C","1"
"Oc1c(/C=N/c2cccc3nsnc23)ccc2ccccc12","1"
"C=CCN1C(=O)CSc2ccc(C(=O)NCCC3=CCCCC3)cc21","1"
"CCN1C(=O)CSc2ccc(C(=O)NCc3ccccc3OC)cc21","1"
"O=C(CC1Sc2ncnn2C1=O)Nc1ccccc1","1"
"CSc1nc(C)cc(SC(C(C)=O)C(=O)Nc2ccccc2)n1","1"
"CCCn1c(/N=C/c2ccc3c(c2)OCO3)nc2ccccc21","1"
"O=c1c2cc([N+](=O)[O-])ccc2nc(C[NH+]2CCOCC2)n1-c1ccccc1F","1"
"COC(=O)c1ccccc1NC1=C/C(=N\S(=O)(=O)c2cccs2)c2ccccc2C1=O","1"
"Cc1ccc(S(=O)(=O)NCCCCCC(=O)Nc2ccccn2)cc1","1"
"O=C1C2C3C=CC(C3=C(c3ccccc3)c3ccccc3)C2C(=O)N1Cc1ccccc1","1"
"COc1cc(OC)c(-n2c(C)cc(C=O)c2C)cc1Cl","1"
"CCN1C(=O)c2cccc3c(NC(=O)c4ccc(OC)c(OC)c4)ccc1c23","1"
"Cc1ccc(C(=O)NNC(=S)Nc2cccc(Cl)c2Cl)cc1[N+](=O)[O-]","1"
"CCCCCCC(=O)Nc1cc2c(C)cc(=O)oc2cc1C","1"
"N#Cc1c(SCC(=O)[O-])nc(-c2ccccc2)c2c1CCCC2","1"
"CC(C)CC1CC(=O)OC1(C)C(=O)CSc1nc2ccccc2s1","1"
"CC1(C)CC(=O)C2=C(C1)OC([NH3+])=C(C#N)C21C(=O)N(Cc2ccccc2Cl)c2ccccc21","1"
"CCc1nc(N[C@@H](CC(C)C)C(=O)[O-])c2oc3ccccc3c2n1","1"
"O=C(CCl)N(c1ccc(Cl)cc1)c1c[nH]c2ccccc12","1"
"Oc1c(Cl)cc(Cl)cc1/C=N/c1nccs1","1"
"CN(C)c1ccc(N2C[NH+]=C3SCC(=O)N3C2)cc1","1"
"Cc1ccc(-c2csc3ncnc(N4CCN(C(=O)c5ccccc5)CC4)c23)cc1","1"
"CCOc1ccccc1-n1nnnc1SCC(=O)NC(=O)Nc1ccc2c(c1)OCCO2","1"
"O=C(Nc1cccc(S(=O)(=O)N2CCOCC2)c1)c1cc2c(s1)CCC2","1"
"CCOc1ccc(Nc2nc3cc(S(=O)(=O)N(CC)CC)ccc3o2)cc1","1"
"CCCN(CCC)C1=[NH+]/C(=C\c2ccco2)C(=O)N1c1ccccc1","1"
"CN(C)S(=O)(=O)c1cccc(C(=O)OCC(=O)c2ccc3c(c2)NC(=O)CO3)c1","1"
"CCN1C(=O)/C(=C/c2c(C)nn(C)c2C)SC1=S","1"
"Cc1ccc(C(=O)NNC(=S)NC(=O)COc2ccccc2)cc1","1"
"NNC(=O)c1cccc(COc2ccccc2Br)c1","1"
"CCCN1C(=O)/C(=C/c2cc(C)n(C)c2C)SC1=[NH+]c1ccc(OCC)cc1","1"
"Cc1ccc(C(=O)OCC(=O)Nc2ccc(N(C)C)cc2)cc1NC(=O)c1ccco1","1"
"CC1=C2[C@H](/C=C(\C)C(=O)[O-])CC[C@@H](C)[C@H]2CC1","1"
"Cn1cc(-c2nnnn2-c2ccccc2)c(=O)c2ccccc21","1"
"O=C(N/N=C/C1C(c2ccccc2)C1(Cl)Cl)c1cccc(Br)c1","1"
"N#C/C(=C/c1ccc(N2CCOCC2)o1)c1ccc(Cl)cc1","1"
"Cn1c(N/N=C/c2c[nH]c3ccccc23)nc2ccccc21","1"
"Cc1sc(NC(=O)CCl)c(C(=O)c2ccccc2)c1C","1"
"CNc1nc2nc(O)c3c(c2s1)OC([NH3+])=C(C#N)C3c1cccc(F)c1","1"
"O=[N+]([O-])c1ccc(N2CCCC2)cc1N1CCCC1","1"
"C(=N/Nc1nc2ccccc2[nH]1)\c1cccs1","1"
"CCn1c(/C=C2/C(=O)N(C)c3ccccc32)nc2ccccc2c1=O","1"
"Cc1nc(-c2ccccc2)sc1-c1nnc([S-])n1C","1"
"CN(C)S(=O)(=O)Oc1cccc(C(=O)Nc2ccc(Cl)cc2)c1","1"
"O=C(NCc1cccnc1)/C(=C/c1ccc(-c2cccc(Cl)c2)o1)S(=O)(=O)c1ccccc1","1"
"CCCOC(=S)/N=C(/NS(=O)(=O)c1ccccc1)c1ccccc1","1"
"C=CCCCCCCCCC(=O)NN","1"
"Cc1c(Cl)c([N+](=O)[O-])nn1CCCC(=O)Nc1sc2c(c1C#N)CCC2","1"
"O=C(NNC(=O)c1ccc2c(c1)C(=O)N(C1CCCCC1)C2=O)c1cccnc1","1"
"CCOc1ccc(/C=C/[N+](=O)[O-])c2ccccc12","1"
"O=C1c2ccccc2C(=O)N1CCCCN(C(=O)c1ccc([N+](=O)[O-])cc1)c1ccc(Cl)cc1","1"
"CCN(CC)c1ccc(/C=N/Nc2ccccc2)c(O)c1","1"
"COC(=O)CN1C(=O)S/C(=C/c2ccc(N3CCCCC3)o2)C1=O","1"
"C=CCc1ccc(OCCOCCOc2ccc(C)cc2[N+](=O)[O-])c(OC)c1","1"
"CN(C)c1ccc(C=C2C(=O)OC(C)(C(C)(C)C)OC2=O)cc1","1"
"O=C1/C(=C\c2ccco2)SC(=S)N1c1ccccc1","1"
"N#CC1(c2ccc(NC(=O)c3ccccc3F)cc2)CCCC1","1"
"CCOc1ccc(NC(=O)/C(=C\c2ccc(OC(C)=O)c(OC)c2)NC(C)=O)cc1","1"
"CC(=O)OCCSc1c(O)nc2ccc(Cl)cc2c1-c1ccccc1","1"
"Cc1ccc(S(=O)(=O)/N=C/c2ccc(N(C)C)cc2)cc1","1"
"Cc1ccc(C(=O)/C=C/C(=O)[O-])cc1","1"
"COc1cc(/C=C2/NC(=O)N(Cc3ccccc3F)C2=O)ccc1Oc1ccc([N+](=O)[O-])cn1","1"
"COc1cc(/C=C2/SC(=S)N(CC3CCCO3)C2=O)ccc1O","1"
"O=C1c2ccccc2C(=O)N1CCCCN(C(=O)c1cc2ccccc2oc1=O)c1ccc(Cl)cc1","1"
"COc1ccc(C(=S)N2CCOCC2)cc1OS(=O)(=O)c1ccccc1[N+](=O)[O-]","1"
"NC(=[NH+]OC(=O)CC1CCCCC1)c1cccc([N+](=O)[O-])c1","1"
"Cc1ccc([N+](=O)[O-])c(OCC[NH+]2CCCCCC2)c1","1"
"Cc1cccc(-n2c(C)cc(/C=N/NC(N)=S)c2C)c1","1"
"O=C(CCc1ccc(Oc2cc([N+](=O)[O-])cc([N+](=O)[O-])c2)cc1)N1CCCCCC1","1"
"O=C(N/N=C/c1cccs1)c1cccc(NC(=O)c2ccccc2Cl)c1","1"
"CC(C)N1C(=O)S/C(=C/c2ccc(Sc3nc4ccccc4[nH]3)o2)C1=O","1"
"CCn1c2ccc(F)cc2c2nnc(NN)nc21","1"
"CCCSC1=[NH+]/C(=C/c2ccsc2)C(=O)N1c1ccccc1","1"
"COc1ccc(CC(=O)Nc2ccc3c(C(F)(F)F)cc(=O)oc3c2)cc1OC","1"
"Cc1ccc(N2C(=O)C3C4C=CC(CNC(=S)Nc5cccc(Cl)c5)(O4)C3C2=O)cc1","1"
"Cc1ccc(N(CC(=O)NN=C2CC[NH+](C)CC2)S(=O)(=O)c2ccccc2)c(C)c1","1"
"Nc1nc(NCc2ccco2)nc(N2CCCCCC2)c1[N+](=O)[O-]","1"
"COc1ccccc1/C=N/NC(=O)c1ccc(Cn2nc([N+](=O)[O-])cc2C)cc1","1"
"C=CCN1C(=O)/C(=C/c2ccc(O)c(OC)c2)SC1=[NH+]c1nccs1","1"
"CC(C)c1ccc(/C=N/NC(=O)C(=O)NCCC[NH+]2CCOCC2)cc1","1"
"CC(C)c1ccc(N2C(=O)NC(=O)/C(=C/c3cnc(-c4ccccc4)nc3)C2=O)cc1","1"
"CC(C)CCn1cnc2c(sc3nc4c(cc32)CSC(C)(C)C4)c1=O","1"
"CCS(=O)(=O)c1nc(S(=O)(=O)c2ccc(Cl)cc2)c(N2CCc3ccccc3C2)s1","1"
"CCOC(=O)c1c(NC(=O)CS(=O)(=O)c2cn(CC)c3ccccc23)sc2c1CCCCC2","1"
"O=C([C-](Cl)Cl)N1CC[NH+](Cc2ccccc2)CC1","1"
"NNC(=O)c1ccc(COc2ccccc2)cc1","1"
"O=C(COC(=O)c1cc([N+](=O)[O-])ccc1NCCO)c1ccccc1","1"
"Cc1ccc(-n2c(C)cc(C=C3C(=O)CC(C)(C)CC3=O)c2C)cc1","1"
"O=[N+]([O-])c1ccc2[nH]c(O)c(N=NC(=S)NCC3CCCO3)c2c1","1"
"Cc1ccc(C2=NN(C(=O)CCl)C(c3cccs3)C2)o1","1"
"Cc1ccc(S(=O)(=O)NCCCCCC(=O)Nc2ccccc2)cc1","1"
"CCN(CC)S(=O)(=O)c1ccc(N2CCCC2)c(NS(=O)(=O)c2ccc(F)cc2)c1","1"
"Cc1sc2nc(CC(N)=O)nc(O)c2c1-c1ccccc1","1"
"Cc1cc(C)nc(SCc2ccc(C(=O)NN=C3C4CC5CC(C4)CC3C5)cc2)n1","1"
"O=C1C2C3C=CC(C4CC34)C2C(=O)N1/N=C/c1ccc(-c2cccc([N+](=O)[O-])c2)o1","1"
"CC(C)[C@H](NS(=O)(=O)c1cccc(Cl)c1)C(=O)OCC(=O)N1CCN(c2ccccc2)CC1","1"
"Nc1c(C(=O)NC2CC2)sc2nc3c(c(-c4ccco4)c12)CC/C3=C/c1ccco1","1"
"CCOC(=O)c1sc(N2N=C(C)/C(=C\c3ccc(OCC(=O)OC)cc3)C2=O)nc1C","1"
"CCOC(=O)c1c(-c2ccccc2)csc1/N=C/[C-]1C(=O)CCCC1=O","1"
"O=C(COC(=O)/C=C/C(=O)OCC(=O)NC12CC3CC(CC(C3)C1)C2)NC12CC3CC(CC(C3)C1)C2","1"
"CCN(CC)S(=O)(=O)c1ccc2c(c1)nc(CCC(=O)Nc1ccc3c(c1)OCO3)n2C","1"
"CCOc1ccccc1-n1c(SCC(=O)N2CCCc3ccccc32)nnc1-c1cccnc1","1"
"CCOc1cc(/C=C2\CCCC(C(=O)C(F)(F)F)=C2O)ccc1O","1"
"Cc1noc(-c2ccccc2)c1C1(O)CCCCCCC1","1"
"CCN1C(=O)N/C(=C/c2ccc(C)o2)C1=O","1"
"COc1ccc(NC(=S)Nc2ccc(OC)cc2OC)c(OC)c1","1"
"Cc1nc(N2CCOCC2)nc(N2CCCCC2)c1[N+](=O)[O-]","1"
"COc1cccc(NC(=O)C2C3CCC4C(CCC32)C4(Cl)Cl)c1","1"
"COC(=O)[C@H]1C[C@@H]1[C@H](NC(=O)c1ccccc1)c1ccccc1","1"
"COc1ccc2c(c1)C1=C(CC2)C(c2ccc(C)cc2)NC(S)=[NH+]1","1"
"COc1ccc(CCN2C(=S)N(C)C(=O)C2CC(=O)Nc2ccc(OC)cc2)cc1","1"
"O=c1[nH]sc2cc(F)ccc12","1"
"CCc1c(C)sc(NC(=O)c2cc(C(C)C)on2)c1C#N","1"
"COc1cccc2cc(C(=O)NCCC3=CCCCC3)c(=O)oc12","1"
"C=CCNC(=O)c1ccc2c(=O)n(CCCN3CCCC3=O)c(=S)[nH]c2c1","1"
"Cc1sc(C([C-]2C(=O)CC(C)(C)CC2=O)[C-]2C(=O)CC(C)(C)CC2=O)cc1[N+](=O)[O-]","1"
"COc1ccc(C(=O)CSc2nc(C)cc(C)n2)cc1[N+](=O)[O-]","1"
"O=C(Nc1cc(S(=O)(=O)N2CCOCC2)ccc1N1CCCC1)c1ccc2c(c1)S(=O)(=O)c1ccccc1C2=O","1"
"CC(C(=O)NC1C(=O)N2C(C(=O)[O-])=C(CSc3nnnn3C)CSC12)n1cc(Br)cn1","1"
"COc1ccc(C(=O)CSc2n[nH]c(C)n2)cc1[N+](=O)[O-]","1"
"COc1ccc(S(=O)(=O)CCC(=O)Nc2cc(C)ccc2OC)cc1","1"
"CCOC(=O)c1ccc(NC(=O)CSc2nc(O)c3c(C)c(C(=O)[O-])sc3n2)cc1","1"
"Cc1ccc(C(=O)N2CC[NH+](Cc3ccc4c(c3)OCO4)CC2)cc1[N+](=O)[O-]","1"
"Nc1nc(CSC(=S)N2CCCCC2)nc(Nc2ccccc2)n1","1"
"Cc1ccc(S(=O)(=O)Nc2ccc(S(=O)(=O)Nc3cc(C)nc(C)n3)cc2)cc1","1"
"CCOc1ccc(NC(=O)C2CC(=O)OC2c2ccccc2)cc1","1"
"Cc1ccc(C(=O)NCCCNc2ccccc2[N+](=O)[O-])cc1","1"
"COc1cc(NC(=S)Nc2ncccc2C)cc(OC)c1OC","1"
"COc1ccc(C2NC(S)=[NH+]C(C)=C2C(=O)Nc2ccccn2)cc1","1"
"COCCN1C(=O)/C(=C/c2cc3c(cc2Br)OCO3)NC1=S","1"
"Cn1c(=O)n(C)c2cc(NS(=O)(=O)c3ccc(C(C)(C)C)cc3)ccc21","1"
"COc1cc([N+](=O)[O-])cc(/C=N/N(CCC#N)C(C)=O)c1[O-]","1"
"N#C/C(=C/c1cn(CC(=O)[O-])c2ccccc12)C(=O)Nc1ccccc1","1"
"Cc1ccc(S(=O)(=O)Oc2ccc(/C=C(/NC(=O)c3ccccc3)C(=O)NCCCC(=O)[O-])cc2)cc1","1"
"O=C(NN=C1CCCC1)c1sc2ccccc2c1Cl","1"
"O=C(CC[NH+]1CCOCC1)c1ccc(Cl)cc1","1"
"Cc1cc(C)c2cc(C)c(SCC(=O)NCc3ccco3)nc2c1","1"
"CCOC(=O)c1c(NC(=O)C2CCCO2)sc(C)c1C","1"
"CN(CCO)c1cc(N(C)CCO)c([N+](=O)[O-])cc1[N+](=O)[O-]","1"
"O=C(CNC(=O)c1cccs1)NCC(=O)OCC(=O)c1ccc([N+](=O)[O-])cc1","1"
"CCN1C(=O)C(CC(=O)Nc2ccc(OC)cc2)N(CCc2ccccc2)C1=S","1"
"CCn1c(=O)cc(OCC(=O)Nc2ccc(OC)c(OC)c2)c2ccccc21","1"
"O=C(c1cc2nc(-c3ccc(F)cc3)cc(C(F)(F)F)n2n1)N1CCCCC1c1cccnc1","1"
"O=C(c1ccc(N2CCCCCC2)c([N+](=O)[O-])c1)N1CCC2(CC1)OCCO2","1"
"CC1CC(C)CN(C(=O)CSc2ccsc2[N+](=O)[O-])C1","1"
"Cc1ccccc1C(=O)Nc1cccc(C(=O)N/N=C/c2cc(Cl)cc([N+](=O)[O-])c2[O-])c1","1"
"CNc1cc(Cl)c2nonc2c1[N+](=O)[O-]","1"
"CCCNC(=O)c1nnsc1S(=O)(=O)c1ccc(Cl)cc1","1"
"COc1cc(C=C2C(=O)NC(=O)NC2=O)ccc1OCc1ccc([N+](=O)[O-])cc1","1"
"NNc1nc2cccnc2n(CCNc2ncc(C(F)(F)F)cc2Cl)c1=O","1"
"O=S(=O)(c1ccccc1)c1cnc(-c2ccccc2)nc1N1CCCCC1","1"
"CC(=O)c1cc(NC(=O)c2ccc(C)cc2)c(=O)oc1C","1"
"O=C(CCl)N(c1ccccc1)c1ccccc1","1"
"CN(Cc1ccccc1)c1ncc(C=O)s1","1"
"CN(C)c1nc(N(C)C)n(S(=O)(=O)c2cccc(C(F)(F)F)c2)n1","1"
"Cc1nn(C)c(Sc2ccccc2N)c1[N+](=O)[O-]","1"
"O=[N+]([O-])c1ccc(Nc2nc(NCCO)nc(N3CCCC3)n2)cc1","1"
"O=C([O-])c1cccc(-n2cccc2/C=C2/NC(=O)N(Cc3ccccc3F)C2=O)c1","1"
"CC(=O)Oc1cc2cccc(OC(C)=O)c(=O)c2c(OC(C)=O)c1OC(C)=O","1"
"Cc1ccc(C)c(C2=N[NH+]=C(NCc3ccccc3)SC2)c1","1"
"CSc1ccccc1NC(=O)C[NH+](C)CC(=O)NCc1ccccc1","1"
"Cc1cc(C(=O)CCl)c(C)n1CCc1ccc(Cl)cc1","1"
"COc1ccc(C)cc1NC(=O)C(OC(=O)C1CC1)c1ccccc1","1"
"Nn1cc(-c2ccccc2)[nH+]c1SCC(=O)NCCc1ccccc1","1"
"Cc1ccccc1-n1nnnc1SCC(=O)NCC1CCCO1","1"
"CCCn1c([S-])nc2ccc(C(F)(F)F)cc21","1"
"Cc1c(CCOC(=O)c2cc([N+](=O)[O-])cc([N+](=O)[O-])c2)sc[n+]1CC(=O)c1ccc(Br)cc1","1"
"COc1ccc(C/C(C)=N/NC(=O)c2ccc(Cl)cc2)cc1","1"
"Cc1cc(C(=O)CN2C(=O)NC3(CCCC3)C2=O)c(C)n1Cc1ccco1","1"
"CCOc1ccc(N2C(=O)/C(=C\NNc3nc(C)cc(C)n3)c3ccccc3C2=O)cc1","1"
"COc1ccc(S(=O)(=O)N2CCOCC2)cc1NC(=O)CSc1n[nH]c(C(C)C)n1","1"
"C[C@H](NC(=O)c1[nH]cnc1C(=O)N[C@@H](C)c1ccccc1)C(=O)OC(C)(C)C","1"
"O=C(Nc1ccc2c(c1)OCO2)c1cc(-c2cccnc2)nc2ccccc12","1"
"COc1ccc(NC(=O)c2cccc(S(=O)(=O)N3CCc4ccccc43)c2)cn1","1"
"CC(c1ccccc1)[NH+]1CCN(C(=O)CCl)CC1","1"
"c1ccc(Nc2scc(-c3ccccc3)[n+]2Cc2ccco2)cc1","1"
"CCN(CC)S(=O)(=O)c1cccc(NC(=O)c2ccccc2Br)c1","1"
"O=S(=O)(c1cccc(F)c1)N1CCN(C(=S)NCc2ccccc2)CC1","1"
"COc1ccc(C(CNC(=O)c2ccc(S(=O)(=O)N(C)C)cc2)[NH+]2CCCC2)cc1","1"
"COc1ccc(OCc2nnc(SCC(=O)N(C)Cc3ccccc3)n2N)cc1","1"
"CCN(CC)S(=O)(=O)c1ccc(N2CCOCC2)c(NS(=O)(=O)c2ccc(NC(C)=O)cc2)c1","1"
"O=C(CNc1cc(S(=O)(=O)N2CCOCC2)ccc1N1CCCC1)N1CCc2ccccc21","1"
"COc1ccccc1NS(=O)(=O)c1ccc([O-])c(C(=O)OCC(=O)N2c3ccccc3CC2C)c1","1"
"O=C1COc2ccc(C(=O)COC(=O)c3cnc(Cl)c(Cl)c3)cc2N1","1"
"Oc1nc2ccccc2c(O)c1O","1"
"CC1=C(C(=O)c2ccccc2)C(c2cccc([N+](=O)[O-])c2)NC(S)=[NH+]1","1"
"O=C(CCl)Nc1cc2[nH]c(O)nc2cc1Br","1"
"CC1(C)C(=O)Nc2ccccc2N1C(=O)Cn1ncc(Cl)c(Cl)c1=O","1"
"COCCCN(C(=S)NC(=O)C(C)(C)C)c1c(N)n(Cc2ccccc2)c(=O)[nH]c1=O","1"
"CCCN1C(=O)/C(=C/c2c(N3CCNC(=O)C3CC(=O)OC)nc3c(C)cccn3c2=O)SC1=S","1"
"COc1ccccc1N1CCN(C(=O)/C=C/c2cccc([N+](=O)[O-])c2)CC1","1"
"O=C(N/N=C/c1ccccn1)c1sc2ccccc2c1Cl","1"
"O=C(/C=C/c1cccc(F)c1)c1ccc(N2CCOCC2)cc1","1"
"C=CCSC(N)=[NH+]/N=C/c1cc(Br)cc([N+](=O)[O-])c1[O-]","1"
"O=C(NC(=S)NNC(=O)c1ccccc1F)c1cccnc1","1"
"S=C(N/N=C/c1cccs1)NC1CC2CCC1C2","1"
"COCCCNC(=S)NNC(=S)Nc1ccccc1","1"
"CN(C)c1ccc(SC#N)cc1","1"
"NNC(=O)c1ccc(Oc2cc(Cl)cc(Cl)c2)o1","1"
"Cc1ccc(S(=O)(=O)Nc2cccnc2Oc2ccc(Cl)cc2)cc1","1"
"COc1ccc2c(c1)[C@]1(C)CCC(=O)C[C@H]1CC2","1"
"COC(=O)NC(/C(C(=O)OC)=C(\C)[NH2+]Cc1ccccc1)c1ccc2ccccc2c1","1"
"COc1cc(C=O)c([N+](=O)[O-])cc1OC","1"
"CNC(=O)Oc1ccc2c(c1)[C@]1(C)CC[NH+](C)[C@@H]1N2C","1"
"CC1=C(/C=C/C(C)=C/C=C/C(C)=C/C(=O)[O-])C(C)(C)CCC1O","1"
"COc1cccc(C(=O)CC2c3c(c(Br)c4c(c3OC)OCO4)CC[NH+]2C)c1","1"
"C=CCOC(=O)C1(C(NC(=O)OC)c2ccccc2)C(=O)Cc2ccccc21","1"
"COC(=O)C12CC3=CC(CC3=O)Cc3ccccc3[C@@H]1CNC2=O","0"
"CCON=C1C(C)(C)C(C)(C)C(C)(C)C1(C)C","0"
"c1cncc(C[NH2+]CCN2CC[NH2+]CC2)c1","0"
"CC(C)c1cc(C[NH+](C)C)c(O)c(C(C)(C)C)c1","0"
"C[C@@H]1CCCC(CC(=O)[O-])(CC(=O)[O-])C1","0"
"CC(CCc1ccccc1)[NH2+]C(C)C(O)c1ccc(O)cc1","0"
"NC(=[NH2+])N[C@@H](CCC(=O)[O-])C(=O)[O-]","0"
"CCc1cc(Cl)c(OC)c(C(=O)NC[C@@H]2CC[NH+](CC)C2)c1O","0"
"C[N+]1(C)C2CCC1CC(OC(=O)C(CO)c1ccccc1)C2","0"
"COC(=O)C1C(OC(=O)c2ccccc2)CC2CCC1[NH+]2C","0"
"CC(c1cc2ccccc2s1)N(O)C(N)=O","0"
"C/C=C1\C2C=C(C)CC1([NH3+])c1ccc(O)nc1C2","0"
"C=C1O[C@@](CO)(n2cnc3c(N)ncnc32)[C@H](O)[C@@H]1O","0"
"C[C@H]1Cc2c(-c3ccccc3)nc3c(c2CO1)CN(S(=O)(=O)c1ccc2c(c1)OCCN2C)CC3","0"
"COC(=O)CCC(=O)OC1(C)C(=O)C=C2C=C(C3CC3)N(CC(C)C)C=C2C1=O","0"
"COC(=O)CCCC1=CC2=CC(=O)C(C)(OC(=O)c3cccs3)C(=O)C2=CN1CC[NH+]1CCOCC1","0"
"c1ccc2c(N3CC[NH2+]CC3)cccc2c1","0"
"CCC[NH+](CCC)CCc1ccc(O)c(O)c1","0"
"COc1cc2c(cc1OC)C(=O)N(C)CC2","0"
"Cn1c(=O)c(C(=O)COC(=O)c2cc(C(F)(F)F)nc3c(C(F)(F)F)cccc23)c(N)n(CC2CC2)c1=O","0"
"C=C(C)C1CC=C(C)C(O)C1","0"
"C=CCOC(=O)C(C(C)=O)C(NC(=O)OC)c1cccc(C)c1","0"
"CC[N+](CC)(CC)CC(=O)Nc1c(C)cccc1C","0"
"CN/C(=N/C#N)NCCSCc1nc[nH]c1C","0"
"COc1ccccc1N1CC[NH+](CCn2c(=O)[nH]c3c([nH]c4ccccc43)c2=O)CC1","0"
"CCCNC(=O)OC[C@@H]1O[C@H](CCON=C(C)C)C=C[C@@H]1Oc1ccc(OC)cc1","0"
"CSC(=[NH2+])NCCCC([NH3+])C(=O)[O-]","0"
"COC1CC(OC2CC[C@@]3(C=O)C4CC[C@]5(C)C(C6=CC(=O)OC6)CC[C@@]5(O)C4CC[C@]3(O)C2)OC(C)C1O","0"
"CC(N/C(=N/C#N)Nc1cc[nH+]cc1)C(C)(C)C","0"
"C/C=C/c1ccc2c(c1)OCO2","0"
"CCS(=O)(=O)CCn1c([N+](=O)[O-])cnc1C","0"
"O=C(CSc1nnc(-c2ccc(C(F)(F)F)cn2)o1)Nc1ccccc1Cl","0"
"Cc1nc(N)nc(COc2ccccc2)n1","0"
"Cc1ccc2c(c1)oc(=O)n2CC(=O)c1ccccc1","0"
"c1ccc2c(c1)CCCN2c1nc(N2CCOCC2)nc(N2CCOCC2)n1","0"
"O=C(Nc1ccccc1Cl)N1CCCN(c2nc(-c3ccccc3)ns2)CC1","0"
"CC(C)(C)c1ccc([NH+]=C2SCC(=O)N2Cc2cccs2)cc1","0"
"COc1cccc(NC(=S)Nc2cc(C)cc(C)n2)c1","0"
"COc1ccc(C(C)=O)cc1COc1ccc(Cl)cc1Cl","0"
"CC(C)N(CCC#N)C(=O)Nc1ccc2c(c1)CCO2","0"
"O=C(NNc1ccc(F)cc1)c1c(F)cccc1Cl","0"
"Nc1nnc(CSCc2ccccc2Cl)s1","0"
"N#C/C(=C\c1cccc(O)c1)C(=O)Nc1ccc2c(c1)OCCO2","0"
"Cc1cccc(NC2=C(C#N)C(=O)NC3(CCCC3)S2)c1","0"
"Cc1ccc(OCC(=O)Nc2ccc3c(c2)nc(CC[NH+]2CCN(C)CC2)n3C)cc1","0"
"O=C([O-])c1ccc2c(=O)n(-c3ccc(F)c(Cl)c3)c(=S)[nH]c2c1","0"
"CCOC(=O)Nc1cc(NC(=O)OCC)c(C)nc1C","0"
"Nc1nnc(SCc2cn3cc(Cl)ccc3[nH+]2)s1","0"
"O=C(c1cc(=O)c2ccccc2o1)N1CCN(c2ccccc2)CC1","0"
"CCS(=O)(=O)N1Cc2ccccc2CC1C(=O)Nc1cccc(C)c1","0"
"O=C1CN(C(=O)COC(=O)CNS(=O)(=O)/C=C/c2ccccc2)c2ccccc2N1","0"
"CCOc1ncccc1C(=O)N1CCN(c2ccc(C(F)(F)F)cn2)CC1","0"
"N=c1sccn1CC(=O)Nc1cccc(S(=O)(=O)N2CCCCCC2)c1","0"
"CCC(=O)c1ccc(OCc2ccc(C#N)cc2)cc1","0"
"COc1ccccc1NS(=O)(=O)c1ccc([O-])c(C(=O)OCc2cccc([N+](=O)[O-])c2)c1","0"
"CN(C(=O)COC(=O)c1cccnc1O)C1CCCCC1","0"
"COc1ccc(N2C(=O)CC(NNC(=O)c3cc(C)oc3C)C2=O)cc1","0"
"C/C(=N\Nc1ncc(Cl)cc1Cl)c1ccccn1","0"
"Cc1ccc2c(Cl)cc(Cl)c(OCC(=O)NCCc3ccccn3)c2n1","0"
"CCOC(=O)c1ccccc1NC(=O)CSc1nc(O)c2ccccc2n1","0"
"O=C(COC(=O)c1cccnc1O)NC1CCCCCCC1","0"
"NC(=O)COC(=O)c1cccc(S(=O)(=O)N2CCN(c3ccc(F)cc3)CC2)c1","0"
"CC(C)[NH2+]Cc1nnc(-c2ccccc2Cl)o1","0"
"CC(C)NC(=O)CSc1nnc(-c2ccc(F)cc2)c2ccccc12","0"
"CCOc1ccccc1NC(=O)COC(=O)C1CC1","0"
"Cc1c(NC(=O)CN2C(=O)NC3(CCCCC3)C2=O)c(=O)n(-c2ccccc2)n1C","0"
"O=C1OCCC1Sc1nnc(-c2ccc3c(c2)OCO3)o1","0"
"CC(NC(=O)c1ccc(Cl)cc1Cl)C(c1ccccc1)[NH+]1CCOCC1","0"
"CC(Nc1ccc(F)cc1F)C(=O)NC(=O)NC1CCCCC1","0"
"CC(C)N1C(=O)CSC1c1ccc(Br)cc1","0"
"CCOc1ccc2[nH]c(SCC(=O)NCc3ccc(OC)c(OC)c3)nc2c1","0"
"COc1ccc(CCNC(=O)COC(=O)/C=C/c2cccs2)cc1OC","0"
"Cc1nn(CC(=O)c2ccc(Cl)s2)c(C)c1[N+](=O)[O-]","0"
"O=C(CSc1nnc(-c2ccncc2)o1)N1CCc2ccccc2C1","0"
"CCN(C(=O)CSc1nc2ccccc2c(=O)n1-c1ccc(C)cc1)C1CCS(=O)(=O)C1","0"
"CC(=O)c1ccc(OC(=O)c2ccc(-n3nc(C)cc3C)cc2)cc1","0"
"CC1CN(C(=O)COC(=O)c2nn(-c3ccccc3)c(=O)c3ccccc23)CC(C)O1","0"
"CCN(C(=O)CSc1nnc(-c2ccncc2)n1Cc1ccccc1)C1CCS(=O)(=O)C1","0"
"Cc1cc(N)c2ccccc2[nH+]1","0"
"CCOC(=O)C(NCCC[NH+]1CCOCC1)=[NH+]Nc1cccc(C(F)(F)F)c1","0"
"CCOc1ncccc1C(=O)OC(C)C(=O)NC(=O)NC1CCCCC1","0"
"CC(C)NC(=O)NC(=O)COC(=O)c1cccc(OC(F)F)c1","0"
"C[NH+](C)C(CNC(=O)Cc1cccc(C(F)(F)F)c1)c1ccco1","0"
"COc1cc(SC)ccc1C(=O)OCC(=O)NC1CCCCC1","0"
"CC(C)=Cc1oc2ccc([N+](=O)[O-])cc2c1N1CC(C)OC(C)C1","0"
"Cc1ccc(C(=O)Nc2ccc(C(F)(F)F)n(C)c2=O)cc1","0"
"O=C(COC(=O)c1ccccn1)Nc1ccccc1OC(F)F","0"
"COCCNC(=O)NC(=O)CSc1nc(C)c(C)c(C)n1","0"
"COc1ccc(CC(=O)OCC(=O)NCc2ccccc2Cl)cc1OC","0"
"Cc1ccc(C(=O)Nc2nc(O)ns2)cc1","0"
"CC(=O)c1cc(C#N)c(NCc2cc(-c3ccccc3)no2)nc1C","0"
"Cc1ccc(C2=NN(CC(=O)NCc3cccs3)C(=O)CC2)cc1","0"
"CCC(C)NC(=O)Cn1cnc2sc(C)c(S(=O)(=O)N3CCN(c4ncccn4)CC3)c2c1=O","0"
"COc1cc2nc([S-])nc(Nc3ccc(NC(C)=O)cc3)c2cc1OC","0"
"CCc1ccc(/C=C2/Sc3ccccc3N(CC(=O)NCCCOC)C2=O)cc1","0"
"[O-]c1[nH]nc(-c2ccccc2)c1/C=N/c1ccc(F)cc1F","0"
"COC(OC)c1ccnc(-c2ccc(OC(=O)c3ccc(F)cc3)cc2)n1","0"
"CCOC(=O)Cn1nc(C)n(-c2c(C)cccc2C)c1=O","0"
"Cc1nnsc1SCCNC(=O)Nc1ccc(Cl)cc1","0"
"CCOC(=O)c1cnn(-c2ccccc2)c1-n1cccc1C(=O)C(=O)N(CC)CC","0"
"O=C(Cc1ccc(-n2c(=O)c3ccccc3n(Cc3ccccc3Cl)c2=O)cc1)NCC1CCCO1","0"
"Cn1cc(C(=O)Nc2ccc(Cl)cc2)c(C(F)(F)F)n1","0"
"CC(=O)N[C@@H]1c2c(ccc3ccccc23)OC[C@@H]1COC(C)=O","0"
"CCS(=O)(=O)c1ccc2c(c1)N(S(=O)(=O)c1ccc(C)cc1)CC(C(=O)[O-])O2","0"
"Cc1nnc(-c2ccccc2)nc1O","0"
"O=C([O-])C1CN(c2ncccc2[N+](=O)[O-])C1","0"
"O/N=C\c1ccccc1Oc1ccc(F)cc1","0"
"COC(=O)C1CCN(c2cnccn2)CC1","0"
"Cn1c(CO)c[nH+]c1SCc1ccc(F)cc1","0"
"NC(=O)c1sc2nc3c(cc2c1N)CCC3","0"
"CC1(C)CN(c2cccc(C#N)c2)C1=O","0"
"O=C(Cc1ccccc1)NNC(=O)C1CCN(c2ncccn2)CC1","0"
"COC(=O)Cc1c([O-])ccn(Cc2ccc3c(c2)OCO3)c1=O","0"
"NC(=O)c1sc2cc(C(F)(F)F)cnc2c1-c1ccccc1","0"
"CN(C)C=[NH+]NC(=O)c1ccc(Cl)cc1","0"
"Cc1occc(=O)c1OCc1ccccc1","0"
"COC(=O)C(NS(=O)(=O)c1ccc(C)cc1)c1ccccc1","0"
"NC(=O)Cn1nnc(-c2ccc(NC(=O)c3ccc(F)cc3)cc2)n1","0"
"C[NH+]1CCN(C(=O)Nc2ccccc2CC[N+](=O)[O-])CC1","0"
"CC1(C)CC2=Nc3ccccc3NCC2=C(O)C1","0"
"CC(C)(C)c1ccc(/C=N/Nc2cccc(C(=O)[O-])c2)cc1","0"
"CC(C)(C)c1ccc(NC(=O)c2ccccc2)c([N+](=O)[O-])c1","0"
"Cc1cccc(NC(=O)CCNS(=O)(=O)c2cccc3nonc23)c1","0"
"CCc1ccc(NC(=O)Cn2ncc3c4ccccc4n(C)c3c2=O)cc1","0"
"Cc1ccc(NC(=O)C2CC(=O)n3c(nc4ccccc43)N2)cc1Cl","0"
"COc1ccc(-n2ccnc2SCC(=O)NC2CCCC2)c(OC)c1","0"
"CCC1CCCC[NH+]1CCCNC(=O)CCCOc1cc(=O)n(C)c2ccccc12","0"
"Nc1cccc(S(=O)(=O)c2ccc(N)c(N)c2)c1","0"
"COc1ccc(C2C(C(=O)Nc3ccc(OC)c(OC)c3)c3ccccc3C(=O)N2C)cc1","0"
"CCCC(=O)N1CCN(c2ccc(NC(=O)c3ccc([N+](=O)[O-])o3)cc2)CC1","0"
"O=[N+]([O-])C(CN1CCCCC1)=[NH+]Nc1ccc(Br)cc1","0"
"Cn1c(Cc2ccccc2)nnc1SCC(=O)NCCc1ccccc1","0"
"O=C(NNC1CC(=O)N(c2ccccc2)C1=O)c1ccco1","0"
"CCCCC(=O)Nc1cc([N+](=O)[O-])ccc1F","0"
"COc1cccc(NC(=S)NC2CC3CCCC(C2)[NH+]3CC(C)C)c1","0"
"CC(C)(C)NC(=O)C(c1cccs1)N(Cc1cccs1)C(=O)c1csnn1","0"
"COCCNC(=O)CN(Cc1cccs1)C(=O)CCC(=O)Nc1nccs1","0"
"Cc1cc(C)n(-c2cc(Cl)ccc2[N+](=O)[O-])n1","0"
"Cc1cc(Br)ccc1OCC[NH2+]Cc1ccccc1","0"
"COc1ccc(-c2csc3ncnc(Cl)c23)cc1","0"
"COc1ccc(C(=O)NNC(=O)CSc2nc3c(c(=O)n(C)c(=O)n3C)n2C)cc1","0"
"CC(=O)Nc1ccc(Nc2cc(-c3ccccc3)nc3ncnn23)cc1","0"
"CN(Cc1ccccc1)C(=O)c1ccco1","0"
"CN(C)C(=O)c1ccc(N/C=C(\C=O)c2nc3ccccc3o2)cc1","0"
"CSc1ccc(NC(=O)Nc2cccn(Cc3ccccc3F)c2=O)cc1","0"
"COc1cc(C)nc(Oc2ccc(OCCOc3ccccc3)nn2)n1","0"
"CCOc1cccc(NC(=O)C2CC(=O)N(c3ccc(F)cc3)C2)c1","0"
"Cc1ccc(Cl)cc1N(CC(=O)NCc1ccc2c(c1)OCO2)S(C)(=O)=O","0"
"CS(=O)(=O)N1CCC(C(=O)NCc2ccc3c(c2)OCO3)CC1","0"
"CC(=O)Nc1ccc(NC(=O)Nc2ccc(C)cc2C)cc1","0"
"COC(=O)CCC(=O)Nc1cc(Cl)cc(Cl)c1","0"
"CC12C[NH+](Cc3ccccc3)CC(C)(C[NH+](Cc3ccccc3)C1)C2=O","0"
"CCOCCCNC(=O)c1cnc2cc(OC)ccc2c1O","0"
"CN(C)S(=O)(=O)Nc1ccccc1F","0"
"O=C([O-])COc1ccccc1/C=N/NC(=O)c1cc2ccccc2cc1O","0"
"CCc1nnc(NC(=O)CSc2nnc(-c3ccc(O)cc3)n2C)s1","0"
"COc1cccc(C(=O)Nn2cnnc2)c1","0"
"Cc1c(Cl)c([N+](=O)[O-])nn1CC(=O)N1CC[NH+](Cc2ccccc2)CC1","0"
"Cc1ccc2c(c1)Oc1ccccc1C=C2C(=O)[O-]","0"
"CC(C)[NH+]1CCN(Cc2cccc(-n3cccn3)c2)CC1CCO","0"
"COc1ccc(C(=O)C2CCC[NH+](Cc3ccon3)C2)cc1OC","0"
"COCCN1CC[NH+](Cc2cn(C)nc2-c2cccc(Cl)c2)CC1","0"
"COc1ccc(F)cc1C(=O)C1CCC[NH+](Cc2c(C)n(C)n(-c3ccccc3)c2=O)C1","0"
"Cc1cccc(Cc2nnc(CCC(=O)NCc3cn4ccccc4[nH+]3)o2)c1","0"
"CC[NH+](Cc1ccccc1)Cc1nc(CCc2ccccc2)no1","0"
"C[NH+]1CCC(CO)(Cc2ccccc2)CC1","0"
"CCOC(=O)C1(CCc2ccccc2)CCN(C(=O)c2cccc(C)n2)CC1","0"
"CCc1ccc(C2c3[nH]c4ccccc4c3CCN2C(=O)CNC(N)=O)cc1","0"
"CCc1cc2c(=O)c(-c3nc(C)cs3)c(CCCC(=O)[O-])oc2cc1O","0"
"C[NH+](Cc1ccccn1)Cc1nc(COc2ccccc2)no1","0"
"O=C(CCn1ccc([N+](=O)[O-])n1)Nc1nccs1","0"
"CCOC(=O)c1ccc(NC(=O)c2cc(O)nc3ccccc23)cc1","0"
"CC(C)(C)c1cc(NC(=O)Nc2ccccc2Cl)no1","0"
"O=C(c1ccccc1Cl)N(Cc1ccccc1F)N1C(=O)CCCC1=O","0"
"Cc1ccc(SCCC(=O)Nc2ccccc2Br)cc1","0"
"O=C(NCc1cccnc1)c1cccc(-c2cc3ccccc3oc2=O)c1","0"
"COc1ccc(CNC(=O)c2cc(-c3ccncc3)nc3c(C)cc(C)cc23)cc1OC","0"
"Cc1ccc(S(=O)(=O)N2CCOCC2)cc1C(=O)NCc1cccs1","0"
"CCOc1c(Cl)cc(C[NH2+]C(C)C(O)c2ccccc2)cc1OC","0"
"CCNC(=O)c1ccc(C23CC4CC(CC(C4)C2)C3)o1","0"
"Fc1ccc(OCc2nc3ccccc3s2)cc1","0"
"CC1CCCN(C(=S)NC2CCCC2)C1","0"
"Cn1ncc(N2CCN(C(=O)c3ccc(Cl)cc3)CC2)c(Cl)c1=O","0"
"COc1ccc(C)cc1NC(=O)CC1COc2ccccc2O1","0"
"Nc1ncnc(Oc2ccccc2F)c1[N+](=O)[O-]","0"
"COC(=O)COc1cc2ccccc2cc1C(=O)Nc1ccccc1","0"
"O=C(Nc1cccnc1)Nc1ccc(Cl)cc1Cl","0"
"Cc1c(O)ccc(NC(=O)/C=C/c2ccccc2)c1C","0"
"CCCS(=O)(=O)N1CCN(S(=O)(=O)c2ccccc2[N+](=O)[O-])CC1","0"
"O=C([O-])/C(=C/c1ccco1)c1ccccc1","0"
"Cc1ccc(-c2noc(CN(C)C(=O)Nc3ccc(F)cc3)n2)cc1","0"
"CCOC(=O)[N-]C(=S)Nc1ccc(OC)cc1","0"
"CCOC(=O)c1ccc(NC(=S)Nc2cc(C)cc(C)n2)cc1","0"
"CCC(C)(C)NC(=O)Nc1cc(Cl)ccc1OC","0"
"COc1c(Cl)ccc(Cl)c1C(=O)NC(=S)N1CCOCC1","0"
"CCc1ccc2c(c1)C(O)(CC(=O)c1cccs1)C(=O)N2","0"
"CC(=O)c1ccc(N/C=C\C(=O)c2ccc(C)cc2)cc1","0"
"O=C(Nc1ccccc1C(=O)NCC[NH+]1CCOCC1)c1ccc(Cl)cc1Cl","0"
"COCC(C)NC(=S)NC(=O)c1cc(S(=O)(=O)N2CCOCC2)ccc1C","0"
"Cc1cc(SCC(=O)N(C)c2c(N)n(Cc3ccccc3)c(=O)[nH]c2=O)nc2ccccc12","0"
"Cc1sc2ncnc(SCC(=O)NC(C)(C)C)c2c1C","0"
"COc1ccc(N2C(=O)CC([NH+](C)CCc3ccc(OC)c(OC)c3)C2=O)cc1","0"
"O=C(NNC(=O)C1CCCCC1)c1ccc(Br)cc1","0"
"O=[N+]([O-])c1ccc(N2CC[NH+](CCO)CC2)cc1Sc1ccccn1","0"
"Cc1ccccc1N1C(=S)NC2c3ccccc3OC1(C)C2C(=O)N(C)C","0"
"Cc1cccc(N2C(=S)NC3c4ccccc4OC2(C)C3C(=O)N(C)C)c1","0"
"COc1ccc(CCNC(=O)C2CC(=O)N(c3ccc(C(C)(C)C)cc3)C2)cc1OC","0"
"Cc1cccc(NC(=O)c2ccc(COc3ccc4ccccc4c3)o2)n1","0"
"O=C([O-])CC1NC(=O)N(C2CCCCC2)C1=O","0"
"COc1cc(S(=O)(=O)N2CCN(c3ccccc3)CC2)ccc1F","0"
"CC[NH+](Cc1nc(-c2ccc(Cl)cc2)no1)CC1CCCO1","0"
"Cc1cccc(N2CCN(C(=O)C3(S(=O)(=O)c4ccc(Cl)cc4)CC3)CC2)c1C","0"
"COc1ccccc1CCc1nnc(CCC(=O)NC(C)Cc2ccsc2)o1","0"
"COC(=O)Cn1cc([N+](=O)[O-])nc1C","0"
"CCc1ccc(C[NH+](C)Cc2nc(Cc3ccccc3)no2)nc1","0"
"COc1cccc(C[NH+]2CCNC(=O)C2CC(=O)N2CCOc3ccccc3C2)c1OC","0"
"CC(=O)c1sc(NC(=O)COc2ccc([N+](=O)[O-])cc2)nc1C","0"
"CCCNC(=O)C(=O)NCc1ccccn1","0"
"O=C(N/N=C\c1cccc(F)c1)c1ccc(Cn2cc(Br)c([N+](=O)[O-])n2)o1","0"
"O=C(CSc1nnc(-c2cccc(F)c2)o1)Nc1nncs1","0"
"COc1ccc(CC2(CO)CC[NH+](CC3=CC[C@H]4C[C@@H]3C4(C)C)CC2)cc1","0"
"CCOC(=O)COc1ccccc1/C=C1\NC(=O)NC1=O","0"
"Cn1c(CNc2cccc(Cl)c2)nnc1SCC#N","0"
"Cc1n[nH]c2c1C(c1cnn(C)c1)C(C#N)=C([NH3+])O2","0"
"CCOC(=O)N/N=C\c1ccc([N+](=O)[O-])s1","0"
"COc1ccc(-c2n[nH]c(SC(CC(=O)NCC[NH+]3CCOCC3)c3cccs3)n2)cc1","0"
"Oc1nc(-c2ccc(Cl)cc2)n2ccncc12","0"
"CCC(=O)Nc1ccc(C(=O)N/N=C/c2c(C)[nH]c3ccccc23)cc1","0"
"COc1ccc(OCC(=O)Nc2cccc(NC(=O)c3ccco3)c2)cc1","0"
"CCN1C(=O)CC([NH+]2CCN(c3cccc(OC)c3)CC2)C1=O","0"
"O=C(C1=C[C@@H](c2csc3ccccc23)C[C@@H](OCCCCO)O1)N1CC[NH+](Cc2ccc3c(c2)OCO3)CC1","0"
"O=C(CSc1ncnc2ccccc12)NCCc1ccccc1","0"
"Fc1ccc(-n2nnc(-c3ccnc4ccccc34)n2)cc1","0"
"COC(=O)[C@H](C)[C@@H]1C[C@@]1(C)[C@@H](NC(=O)OCc1ccccc1)c1ccccc1","0"
"COc1ccc(/C=C/C(=O)NCCOc2ccc(C)cc2)cc1","0"
"OC(C#CC[NH+]1CCCC1)(c1ccccc1)c1cccc(F)c1","0"
"[NH2+]=C(NOC(=O)COc1ccc(Br)cc1)c1cccnc1","0"
"CN(c1cccc(NC(=O)c2ccccc2N(C)S(=O)(=O)c2ccccc2)c1)S(C)(=O)=O","0"
"CCCC1=NN2C(=[NH2+])/C(=C/c3c[nH]c4ccccc34)C(=O)[NH+]=C2S1","0"
"CCn1c(Cc2ccccc2)nnc1SCc1cccc(C(=O)[O-])c1","0"
"O=C(Cn1cncn1)c1ccc(F)cc1F","0"
"CCNC(=S)Nc1ccc(OCC)cc1","0"
"COc1ccc(Br)cc1C(=O)Nc1cccc(C)c1C","0"
"Cc1cc(OCCn2ccnc2)ccc1C(C)C","0"
"Cc1cc(C)c(-n2nnnc2SC(C)C)c(C)c1","0"
"C/C=C/C=N/Nc1nc(-c2ccc([N+](=O)[O-])cc2)cs1","0"
"C[NH+]1CCN(NC(=O)c2cccc(Br)c2)CC1","0"
"Cc1occc1C(=O)NN1C(=O)C2C3CCC(O3)C2C1=O","0"
"COc1ccc(N)c2c1OCCC2=O","0"
"Cc1nn(-c2cc(N(S(C)(=O)=O)S(C)(=O)=O)c(Cl)cc2Cl)c(=O)n1C","0"
"CC(C)(C)NC(=O)C12CCC(C(Br)Br)(C1Br)C2(C)C","0"
"c1ccc(Sc2cccc3ccccc23)c(CNC2=[NH+]CCN2)c1","0"
"COc1ccc(CCNC(=O)c2cc(C(=O)c3cc(C)ccc3O)cn(CCc3ccc(OC)cc3)c2=O)cc1","0"
"CCOc1cc(N2CCOCC2)c(OCC)cc1NC(=O)COC(=O)c1cc2ccccc2cc1O","0"
"Cc1nc(C)c(C(=O)NNS(=O)(=O)c2ccc([N+](=O)[O-])cc2)s1","0"
"O=C(CCN1CC[NH+](Cc2ccccc2)CC1)NNC(=O)Cc1ccc(Cl)c(Cl)c1","0"
"O=C(COC(=O)CCCNC(=O)c1ccc(Cl)cc1)Nc1cc(Cl)c(Cl)cc1Cl","0"
"CCc1cccc(C)c1NC(=O)COn1nnc2ccc(C(F)(F)F)cc21","0"
"CC(C)(C)C(=O)NC(NC(=O)C(C)(C)C)c1ccc([N+](=O)[O-])cc1","0"
"COC(=O)c1ccc(CSc2nnc(-c3ccc4c(c3)OCO4)n2-c2ccccc2)o1","0"
"Cc1c(C(=O)Nc2nc3ccccc3[nH]2)oc2ccccc12","0"
"CS(=O)(=O)c1ccc(C(=O)NCC2([NH+]3CCCCC3)CCCCC2)cc1","0"
"COCCNC(=S)N/N=C(\C)c1cccc([N+](=O)[O-])c1","0"
"Cc1ccc(-n2c(SCC(=O)c3c(N)n(C)c(=O)n(C)c3=O)nc3sc4c(c3c2=O)CCCC4)c(C)c1","0"
"CCOC(=O)c1c(C)[nH]c(C)c1C(=O)CSc1nc2ccccc2n1CC","0"
"N#Cc1cccc(NC(=O)COC(=O)c2ccccc2Sc2ccccc2C#N)c1","0"
"CC(C)C(NC(=O)c1ccccc1)C(=O)OCc1cc([N+](=O)[O-])cc2c1OCOC2","0"
"NNC(=O)COc1ccc(F)cc1","0"
"CCNC(=O)COc1cccc(C(=O)NCc2ccccc2)c1","0"
"Fc1cc(NCc2ccccc2)nc(NCc2ccccc2)n1","0"
"Cc1ccc(-n2c([S-])nnc2-c2nn(C)cc2Cl)cc1","0"
"CCNC(=O)CCSc1nnc(-c2ccco2)o1","0"
"Cc1ccc(C(=O)N/N=C(\CC(C)C)c2ccccc2)cc1","0"
"COc1ccc(Cl)cc1-n1c(C)ccc1C","0"
"COC(=O)NC1CCC(NC(=O)OC)CC1","0"
"CC1(C)CC(O)=C(C(=O)Cc2ccccc2)/C(=N\CCc2ccccc2)C1","0"
"CCn1cc(Br)c(C(=O)NC(=S)Nc2cc([N+](=O)[O-])ccc2C)n1","0"
"O=C(Cn1cc(C(F)(F)F)ccc1=O)N/N=C/c1ccc(Cl)cc1","0"
"O=C(CSCC(=O)NC1CCCC1)Nc1ccccc1","0"
"Cc1nn(CC(=O)OCC(=O)Nc2ccccc2[N+](=O)[O-])c(C)c1[N+](=O)[O-]","0"
"O=C([O-])C1CCCCC1C(=O)NCc1ccncc1","0"
"N#CC1=C([NH3+])Nc2nc3ccccc3n2C1c1ccc(Cl)cc1","0"
"Cc1cc(C)c(-c2csc(NC(=O)c3cc([N+](=O)[O-])ccc3N3CCOCC3)n2)c(C)c1","0"
"Nc1c2c([nH+]c3sc4c(c13)CCCC4)CCCCCC2","0"
"COc1ccc(CN2C(=O)/C(=C\Nc3ccc(C)cc3)c3ccccc3C2=O)cc1","0"
"CN(c1ccc(OCC(=O)OCC(=O)Nc2c(F)c(F)c(F)c(F)c2F)cc1)S(=O)(=O)c1ccc(F)cc1","0"
"C/C(CC(=O)Nc1cccnc1)=N\NC(=O)C(=O)Nc1cccc(C)c1","0"
"CCOc1cc(/C=N\NC(=O)C[NH+]2CCOCC2)ccc1OCc1ccc(C(=O)[O-])cc1","0"
"O=C(N/N=C/c1cc(Br)ccc1O)c1ccccc1Cl","0"
"O=C(CCc1nc2ccccc2s1)OCc1ccccc1F","0"
"O=C(COC(=O)CCSc1ccc(Cl)cc1)NCCc1ccccc1","0"
"C/C(=N\NC(=O)c1ccc([N-]S(=O)(=O)c2cccs2)cc1)c1ccc(Cl)cc1","0"
"COc1ccc(CN2C(=O)c3ccccc3C2=O)cc1C(=O)OCC(=O)NC1CCCCC1","0"
"O=C(NNC1=[NH+]CCC1)c1cccc(S(=O)(=O)N2CCOCC2)c1","0"
"CCCCNC(=S)NNC(=O)c1ccc2c(c1)OCO2","0"
"COc1ccccc1/C=N/OCC(=O)NCc1ccc2c(c1)OCO2","0"
"Cc1cc(C)nc(SCc2cc(=O)c(OC(=O)c3ccc(S(=O)(=O)N(C)C)cc3)co2)n1","0"
"O=C(Cc1ccccc1)Nc1nc(-c2cccc([N+](=O)[O-])c2)cs1","0"
"COc1ccccc1C(=O)Nc1ccc(C)cc1C(=O)c1ccccc1","0"
"O=C(CNC(=O)c1ccc(S(=O)(=O)N2CCCC2)cc1)N/N=C/c1ccc(Cl)cc1","0"
"O=C(NCc1ccc(F)cc1)C(=O)NCC1OCCN1C(=O)c1ccc(Cl)cc1","0"
"CCC(=O)c1ccc(-c2ccccc2)cc1","0"
"COc1ccc(/C=C(\C#N)C(=O)Nc2cccnc2)cc1","0"
"O=C(CCn1c2c(c3ccccc31)CCCC2)NNC(=O)c1ccc(Cl)c([N+](=O)[O-])c1","0"
"CC(=O)N1CCC(N(CC[NH+]2CCOCC2)C(=S)Nc2cccc(C)c2C)CC1","0"
"O=C([O-])c1ccc(O)c(N2C(=O)Nc3ccccc3N2[O-])c1","0"
"Cc1cccc(NC(=S)N(CCC[NH+]2CCOCC2)Cc2ccccn2)c1","0"
"CC(=O)c1cc2c(cc1N/C(=N/S(=O)(=O)c1ccc(C)cc1)c1ccc(Cl)cc1)OCO2","0"
"Cc1cccc(C)c1NC(=S)Nc1c(C)n(C)n(-c2ccccc2)c1=O","0"
"CC(C)c1onc(C(=O)NCc2ccc(F)cc2)c1[N+](=O)[O-]","0"
"COc1ccc(C(=O)N/N=C/c2ccc(OC(=O)c3cccc4ccccc34)c([N+](=O)[O-])c2)cc1","0"
"CCOc1ccc(N2C(=O)/C(=C\c3ccccc3OC)S(=O)(=O)C2c2cccc([N+](=O)[O-])c2)cc1","0"
"CCOC(=O)c1c(-c2ccccc2)csc1NC(=O)c1cc2ccccc2oc1=O","0"
"Cc1ccc(/C=N/NC(=O)Nc2ccccc2)o1","0"
"Cc1cc(/C=C(\C#N)C(=O)NC2CC2)c(C)[nH]1","0"
"COc1ccc(N(C(=O)/C=C/C(=O)Nc2cc(C)on2)C(C(=O)NC2CCCC2)c2ccccc2C)cc1","0"
"Cc1ccc(S(=O)(=O)N2CCC(C(=O)Nc3nnc(-c4ccc(F)cc4)s3)CC2)cc1","0"
"CCOC(=O)C1=C(C)C2C3C(=O)N(c4ccc(C)cc4C)C(=O)C3C1(C)C1C(=O)N(c3ccc(C)cc3C)C(=O)C21","0"
"CC1CCN(c2ccc(/C=C(\C#N)c3nn(-c4ccccc4)c(N)c3C#N)cc2[N+](=O)[O-])CC1","0"
"COc1ccc2[nH]c(O)c(N=O)c2c1","0"
"Cc1ccc(C2OCC3(CO2)COC(c2ccc(C)cc2)OC3)cc1","0"
"O=C(Nc1ccc(C2CC2(Cl)Cl)cc1)c1ccccc1Br","0"
"O=S(=O)(Nc1ccc(N2CCCCC2)cc1)c1ccccc1","0"
"O=C(CCN1C(=O)/C(=C/c2ccc3c(c2)OCO3)SC1=S)Nc1ccccc1","0"
"CCCCCCOC(=O)Nc1ccc(S(=O)(=O)Nc2cccc([N+](=O)[O-])c2)cc1","0"
"O=C1NN(c2ccccc2)C(=O)C2C1C1C=CC2C12CC2","0"
"O=C(Cc1cccs1)N1CCN(S(=O)(=O)c2ccc(F)cc2)CC1","0"
"Cc1ccc(S(=O)(=O)NNC(=O)C(O)(c2ccccc2)c2ccccc2)cc1","0"
"Cc1ccc(-n2c(C)cc(=O)cc2C)c(C)c1","0"
"O=C(Cc1ccccc1)NCc1ccc(F)cc1","0"
"O=C(N/N=C/c1ccc[nH]1)c1cccc([N+](=O)[O-])c1","0"
"CCCCC(=O)Nc1ccc(C(=O)NNC(=O)CCCOc2ccc(Cl)cc2Cl)cc1","0"
"C=CCOc1c(CNc2ccc(C(=O)[O-])cc2)cccc1OCC","0"
"Cc1cccc(OCC(=O)O[NH+]=C(N)Cc2cccs2)c1","0"
"Fc1cccc(C[NH+]2CCN3CCCC3C2C2CCCCC2)c1","0"
"CCc1c(C)sc(NC(=O)OC)c1C(N)=O","0"
"Cc1cccc(OCCCn2c(CCNC(=O)C(C)C)nc3ccccc32)c1","0"
"CC(Sc1ccccc1)C(=O)Nc1ccccc1C(=O)N1CCOCC1","0"
"O=C(Nc1ccc(F)cc1)c1cn(-c2ccccc2)nc1-c1ccncc1","0"
"Cc1c(Cl)cccc1NC(=S)N1CCC(C(N)=O)([NH+]2CCCCC2)CC1","0"
"CCOc1cc(C=C(C(=O)OC)C(=O)OC)ccc1OCc1ccc([N+](=O)[O-])cc1","0"
"Cc1ccccc1OCC(=O)NNC(=O)c1ccc(-c2ccccc2)cc1","0"
"COC(=O)c1cc(NS(=O)(=O)c2ccc(N3CCCCCC3)c([N+](=O)[O-])c2)cc(C(=O)OC)c1","0"
"COc1ccc(OCCCCOc2ccccc2Cl)cc1","0"
"Cc1cccc(NC(=O)C2=C(O)c3ccccc3N(C)S2(=O)=O)c1","0"
"COc1ccccc1NC(=O)c1csc(-n2nc(C)cc2C(F)(F)F)n1","0"
"COC(=O)c1cc2n(n1)CCN(Cc1ccc(F)cc1)C2=O","0"
"N#Cc1ccccc1Sc1ccccc1C(=O)Nc1ccccc1","0"
"C[NH+](C)/C=C/C(=O)c1ccc(F)cc1","0"
"Cc1ccc(NC(=O)c2ccc(N/N=C/c3cccc(O)c3)c([N+](=O)[O-])c2)cc1","0"
"CN(C)c1cc[n+](CC(=O)Nc2ccc([N+](=O)[O-])cc2Cl)cc1","0"
"O=C(COc1ccc(Cl)cc1)Nc1ccc(C(=O)NCc2cccnc2)cc1","0"
"CCN(CC)c1ccc(CC(=O)NC(C)Cc2ccccc2)cc1","0"
"Cc1cccc(OCC(=O)Nc2sc3c(c2C#N)CCC3)c1","0"
"COc1cc2c(cc1OC)C1Cc3c(cnc4c(-c5ccc(Cl)cc5)cnn34)C(=O)N1CC2","0"
"O=C(/C=C/c1ccc(OCCCF)cc1)NCc1ccc(Cl)cc1","0"
"O=C(Cn1cncn1)NCc1ccccc1Br","0"
"Cc1cc(C)n(Cc2ccc(Cl)c(Cl)c2)c(=O)c1S(=O)(=O)c1ccccc1","0"
"Cc1ccc(NC(=O)CSc2nnc(-c3cnccn3)n2-c2ccccc2)cc1","0"
"CCn1nnc(NC(c2ccc(F)cc2)P(=O)(OC(C)(C)C)OC(C)(C)C)n1","0"
"Cc1ccc(NCc2nnc(SC(C)C(=O)N/N=C/c3ccc(C)o3)n2-c2ccccc2)cc1","0"
"Clc1cccc2ccccc12","0"
"COc1ccc(/C=N/NC(=O)c2ccc(Cn3cc([N+](=O)[O-])cn3)o2)cc1O","0"
"Cc1cc(NC(=O)c2c(Cl)cnn2C)no1","0"
"O=C(NC1CCCC1)c1nc(O)c2nnn(Cc3ccccc3Cl)c2n1","0"
"C[NH+]=C1S/C(=C\c2ccc(Sc3ccc(Cl)cc3)o2)C(=O)N1C","0"
"C[NH2+]Cc1ccccc1Sc1ccc(OC)cc1","0"
"CCn1nc(C(=O)Nc2ccccc2C)c(Cl)c1Cl","0"
"COc1cc(/C=N/NC(N)=S)ccc1OC(=O)c1ccc(C)cc1","0"
"CCn1nc(C)c(C(=O)Nc2cc(Oc3ccc(Cl)cc3)cc([N+](=O)[O-])c2)c1C","0"
"Cc1cc(C(=O)N/N=C\c2ccc(COc3ccc([N+](=O)[O-])cc3)o2)ccc1[N+](=O)[O-]","0"
"COc1cc(/C=N\NC(=O)CNC(=O)c2cccc([N+](=O)[O-])c2)ccc1O","0"
"CCOC(=O)/C(=N\Nc1ccc(Cl)cc1)C(=O)c1ccc([N+](=O)[O-])cc1","0"
"CS(=O)(=O)N(CC(=O)Nc1cc(Cl)ccc1Cl)c1ccccc1Cl","0"
"Cc1cc(C)c(NC(=O)CN2C(=O)NC3(CCOc4ccccc43)C2=O)c(C)c1","0"
"C=CCn1c(SCC(=O)NCc2ccc3c(c2)OCO3)nc2scc(-c3ccc(F)cc3)c2c1=O","0"
"O=C(COC(=O)C1COc2ccccc2O1)NC(=O)NC1CCCCC1","0"
"CCC(Sc1nc(N)cc(N)n1)C(=O)[O-]","0"
"COc1ccc(-n2cnnc2SCC(=O)N2CCN(S(=O)(=O)c3ccccc3)CC2)cc1","0"
"O=[N+]([O-])c1ccc2c(c1)nnn2O","0"
"CCc1ccc(C(=O)CSc2nnc(C)c(O)n2)cc1","0"
"CSCCC(NS(=O)(=O)c1ccc(Cl)cc1)C(=O)OCC(=O)NC12CC3CC(CC(C3)C1)C2","0"
"Cc1oc2nc(SCC(=O)Nc3ccc(S(N)(=O)=O)cc3)nc(NC(=O)c3ccccc3)c2c1C","0"
"O=C(Nc1cccnc1)c1cc(F)cc(F)c1","0"
"COc1ccc(-c2nnc(SC(C)C(=O)Nc3c(C)n(C)n(-c4ccccc4)c3=O)o2)cc1","0"
"CCOC(=O)c1c(C)[nH]c(C(=O)COC(=O)CN2C(=O)C3CCCCC3C2=O)c1C","0"
"COc1ccccc1-c1csc(Cc2nnc3n2CCCCC3)n1","0"
"CCCOC(=O)c1ccc(NC(=O)c2cn(CC)c3nc(C)ccc3c2=O)cc1","0"
"COc1ccc(NS(=O)(=O)c2cccc(C(=O)OCC(=O)Nc3cc(C)on3)c2)cc1","0"
"Cc1cc(C)n2nc(SCC(=O)N(C)C)nc2n1","0"
"CC12CCC(c3c(C(=O)[O-])nn(-c4ccc(F)cc4)c31)C2(C)C","0"
"CC/C(C)=C1\SC(N2CCN(c3cccc(C(F)(F)F)c3)CC2)=[NH+]C1=O","0"
"CC(C)NC(=O)CC1OC(=O)c2ccccc21","0"
"Cn1c(NC(=O)c2ccc(Cl)cc2)c(-c2ccccn2)c(=O)c2ccccc21","0"
"O=c1c2ccccc2nc(-c2ccc(Cl)cc2Cl)n1CCCn1ccnc1","0"
"COc1ccc2nc(O)c(CNc3ccccc3)cc2c1","0"
"CCN1C(=O)N(c2ccc(Cl)cc2)C(C)=CC1(C)C","0"
"C/C(=N\c1ccccc1)c1sc2ccccc2c1O","0"
"CCOc1ccc(NC(=O)CCNS(=O)(=O)c2ccc3c(c2)CCC(=O)N3)cc1","0"
"Cc1ccc2[nH]cc(C(=O)C[NH+]3CCN(C)CC3)c2c1","0"
"CC(C)N/C(=N\C#N)SCc1ccccc1","0"
"Cc1cc(NC(=O)c2cccc(S(=O)(=O)N3CCCCCC3)c2)no1","0"
"C#CCOC(=O)C(NC(=O)c1ccccc1)=C1CCCCC1","0"
"CC1(C)CC(=O)C2=C(C1)OC1=C(C(=O)CC(C)(C)C1)C2c1ccccc1","0"
"[O-][n+]1onc2c3c4c(n(O)c3ccc21)CCCC4","0"
"O=C1NCCN=C1/C=C(/O)c1ccccc1","0"
"CC(C)CCNC(=O)C1CCN(c2nnc(-n3cccc3)s2)CC1","0"
"CCCCNC(=O)C1CCN(S(=O)(=O)c2c(C)noc2/C=C\c2ccc(OC)cc2)CC1","0"
"Cc1ccc2nc(N3CCN(c4cccc(C)c4C)CC3)c3nnnn3c2c1","0"
"CC(=O)N(Cc1ccco1)C1(C(=O)NC2CCCC2)CCCCC1","0"
"COc1cccc(-c2cc(C(=O)Nc3cccnc3)no2)c1","0"
"COc1cc(NC(=O)CSc2ncccc2C(=O)OC(C)C)cc(OC)c1","0"
"Cc1ccc(C)c(NC(=O)c2cc3ccccn3n2)c1","0"
"CCOC(=O)N1CCC(N2C(=O)c3ccccc3C2Nc2c(C)cccc2C)CC1","0"
"Cc1nnc(SCC(=O)NCc2ccco2)n1-c1ccccc1","0"
"Cc1sc2ncnc(SCC(=O)c3ccc(Cl)s3)c2c1C","0"
"Oc1ccc(Cl)cc1C1=CC(C(F)(F)C(F)F)=NCC[NH2+]1","0"
"CCOC(=O)c1sc(Nc2ccc(C)cc2C)nc1C","0"
"COc1cccc(C(=O)Nc2ccc(N3CC[NH+](Cc4ccccc4)CC3)cc2)c1","0"
"CCCCNc1nc(CC(C)=O)ns1","0"
"CC1(C)N=C(SCC(=O)Nc2ccc(Cl)cc2)C(c2ccc(Cl)cc2)=N1","0"
"CCn1c(=O)n(CC(=O)Nc2cc(OC)c(OC)c(OC)c2)c(=O)c2ccccc21","0"
"Fc1ccccc1OCCCCSc1ncccn1","0"
"CC[NH+](CC)CCCNC(=O)c1[nH]c(C)c(C(=O)NC2CCCCC2)c1C","0"
"Cc1nc2ccccc2cc1C(=O)[O-]","0"
"Oc1c(-c2ncc(C(F)(F)F)cc2Cl)cnc2c(F)c(F)c(F)cc12","0"
"Cc1ccc(C(=O)CC(=O)c2cc(Cl)ccc2O)cc1","0"
"CSc1cccc(NC(=O)C(C)NS(=O)(=O)c2ccc(F)cc2)c1","0"
"CCC(C)NC(=O)Nc1ccc2c(c1)N(C)C(=O)c1ccccc1S2","0"
"CCOC(=O)N1CCC(N(CCOC)C(=O)Nc2ccc(C)c(C)c2)CC1","0"
"COC(=O)c1cn(CCOc2ccc(C)cc2)c2ccccc12","0"
"CC(NC(=O)c1cc2c(s1)CCCC2)C(C)(C)C","0"
"Cc1cccnc1N(C(=O)Nc1cccc(Cl)c1)C1=[NH+]CC(C)(C)S1","0"
"Cn1c(C[NH+]2CCCC2)nc2cc(NC(=O)COc3ccc([N+](=O)[O-])cc3)ccc21","0"
"CCOC(=O)C(NC(=O)c1ccc(OC)cc1)(N1CCCC1=O)C(F)(F)F","0"
"CCOC(=O)/C(CCC[N+](C)(CC)CC)=N\O","0"
"CC1CCc2c(sc(NC(=O)C(=O)NCc3ccco3)c2C#N)C1","0"
"NC(=O)[C@@H]1CCNc2c(I)cc([N+](=O)[O-])cc2C(=O)N[C@@H](CCC(=O)[O-])C(=O)N[C@@H](CO)C(=O)N1","0"
"Brc1ccc(C2=NC(Cc3ccccc3)CO2)cc1","0"
"O=C(NCc1ccc(N2CCCC2=O)cc1)Nc1cccc2ccccc12","0"
"COC(=O)c1nn(-c2ccccc2)nc1-c1nn(-c2ccccc2)nc1C(=O)OC","0"
"CCOc1ccc(C2Sc3ccccc3N=C3COC(O)=C32)cc1","0"
"Cc1cccc(CC2SC(Nc3ccccn3)=[NH+]C2=O)c1","0"
"CC(C)(C)n1nnnc1C(c1ccc(Cl)cc1)[NH+](Cc1cccnc1)Cc1ccco1","0"
"C=CCOc1ccc(CNc2nccs2)cc1","0"
"NNc1nc(Nc2ccccc2)nc(N2CCCCC2)n1","0"
"c1ccc2cc(OCc3nc4ccccc4[nH]3)ccc2c1","0"
"CCc1cc2c(-n3nc(C)cc3C)ncnc2s1","0"
"CCOC(=O)C(C)CC(C)C(=O)N1CCOCCN(C(=O)C(C)CC(C)C(=O)OCC)CCOCC1","0"
"COc1ccc(Cl)cc1C(=O)NCC#N","0"
"COCCCNC(=O)C1CCCN(S(=O)(=O)c2ccc(C)cc2)C1","0"
"CS(=O)(=O)N1CCC(C(=O)[O-])CC1","0"
"COc1ccc(S(=O)(=O)Nc2ccc3c(c2)OCO3)cc1C","0"
"Cc1ccc(NC(=[NH2+])Nc2nc(O)c3c(n2)CCCC3)c(C)c1","0"
"O=C(NCc1ccco1)c1nc(O)c2nnn(Cc3ccccc3Cl)c2n1","0"
"CC(C)CC(=O)Nc1cccc(C(=O)Nc2ccccc2C(=O)[O-])c1","0"
"O=C(C[NH+]1CCC(c2nc3ccccc3s2)CC1)NCc1ccccc1","0"
"Cc1ccc2c(c1)N1C(=O)c3ccccc3C1C1=C(O)CC(C)(C)CC1=N2","0"
"CCCCCC1CC(CC(=O)Nc2nncs2)C(=O)O1","0"
"Cc1c(NC(=O)CCC(=O)N2CCOCC2)c(=O)n(-c2ccccc2)n1C","0"
"CS(=O)(=O)NCCCNc1ccc(Cl)cc1[N+](=O)[O-]","0"
"CCCn1c(-c2ccc(F)cc2)nc2c(N3CC[NH+](CCC(=O)OCC)CC3)nc(C)nc21","0"
"C=C[C@@]1(C)CC(=O)[C@]2(O)[C@](C)(O1)[C@@H](OC(C)=O)[C@@H](O)[C@H]1C(C)(C)CC[C@H](O)[C@@]12C","0"
"CN(C)CC[NH+](C)CCc1ccc(Cl)c(Cl)c1","0"
"Nc1c[n+](N2CCOCC2)no1","0"
"c1ccc(C[NH+]2CCC3(CCc4ccccc43)CC2)cc1","0"
"CC[N+](CC)(CC)CC[C@](O)(c1ccccc1)C1CCCCC1","0"
"c1ccc([C@@H]2CN3CCSC3=[NH+]2)cc1","0"
"Oc1nc2cc(Cl)ccc2o1","0"
"CCC(C)C(NC(=O)c1ccccc1NC(=O)c1ccco1)C(=O)NC1CCCCC1","0"
"O=C1NCCCC1C(=O)NCCN1C(=O)CCC1=O","0"
"CC1Cc2ccccc2N1C(=O)c1ccc2snnc2c1","0"
"C=CCn1c(=O)n(CCC#N)c(=O)n(CCC#N)c1=O","0"
"COc1ccc(C[NH+]2CCCCC2c2cccnc2)c(OC)c1C","0"
"C=C(C)Cn1c(-c2ccccc2)nc2ccccc21","0"
"CC(C)CC(/C(O)=C(\C#N)c1nc2ccccc2[nH]1)N1C(=O)c2ccccc2C1=O","0"
"CC(=O)Nc1ccc(S(=O)(=O)N(CC(=O)[O-])Cc2ccccc2)cc1","0"
"CC(C)C(=O)N1CCC(C[NH2+]C=C2C(=O)N(C3CCCCC3)C(=O)N(C3CCCCC3)C2=O)CC1","0"
"CCCCP(=O)([O-])c1ccccc1","0"
"COC(C(=O)Nc1cccc(F)c1)c1ccccc1","0"
"Cc1nc(C2CC(=O)OC23CCCCC3)cs1","0"
"Cc1onc(-c2ccccc2Cl)c1C(=O)NCc1cccnc1","0"
"COc1ccc(NC(=O)c2cnn3c(C(F)(F)F)cc(-c4ccco4)nc23)cc1OC","0"
"COc1ccc(/N=C/C2=C(O)OCC2)cc1","0"
"CC(C)c1ccccc1OCCNS(C)(=O)=O","0"
"CCOC(=O)Oc1ccc2oc(=O)cc(C)c2c1","0"
"Cn1c(SCc2cccnc2)nnc1-c1c[nH]c2ccccc12","0"
"CCN(C1CCCCC1)S(=O)(=O)c1cn(C)c(=O)n(C)c1=O","0"
"CC1Cc2ccccc2N1C(=O)c1cnc2n(c1=O)CCS2","0"
"CC(C)Nc1ncnc2c1cnn2-c1ccc(Cl)cc1","0"
"CCOc1ccc(C(=O)Nc2cc(C)c3c(=O)oc4ccccc4c3n2)cc1","0"
"O=C(CSc1nnc(Cn2c(=O)sc3ccccc32)n1-c1ccccc1)NCC1CCCO1","0"
"CC1(C)Oc2ccc3ccc(=O)oc3c2-c2c[nH]nc21","0"
"O=C(Cc1ccccc1)n1nc(-c2ccccc2)nc1NCc1ccco1","0"
"O=C(c1ccc(CS(=O)(=O)c2ccc(Br)cc2)o1)N1CCN(c2ccccn2)CC1","0"
"CCOc1ccc(-n2c(CC)nc3ccccc3c2=O)cc1","0"
"Cc1ccccc1-n1c(Cn2c(=O)sc3ccccc32)nnc1SCC(=O)NCC1CCCO1","0"
"Cc1cc(NC(=O)C2COc3ccccc3O2)no1","0"
"O=C(C1CCCN(S(=O)(=O)c2cccnc2)C1)N1CCn2c1nc1ccccc12","0"
"Cc1cc(C(=O)C[NH+]2CC(C)OC(C)C2)c(C)n1-c1ccccc1","0"
"COc1ccccc1NC(=O)CSc1nnc(-c2ccccc2)o1","0"
"CCn1c(COc2cccc3cccnc23)nnc1SCC(=O)[O-]","0"
"COc1cccc(-c2nc(CS(=O)(=O)CC(=O)NCc3ccc(Cl)cc3)c(C)o2)c1","0"
"COCCNS(=O)(=O)c1ccc(C2CNC(=O)C2)cc1","0"
"CCCc1cc(C(=O)Nc2ccccc2C(=O)OC)no1","0"
"CC1(C)CC(=O)C2=C(C1)N(c1ccc(F)cc1)C(=O)CC2c1cccnc1","0"
"Cc1c(C(=O)NCCCN2CCCC2=O)oc2ccccc12","0"
"O=C(CCC1COc2ccccc2O1)Nc1ccc(Cl)cn1","0"
"Cc1ccc(NC(=O)COc2ccc3oc4c(c3c2)CCCC4)nc1","0"
"O=C(c1ccco1)N1CCN(S(=O)(=O)c2cccc(C(F)(F)F)c2)CC1","0"
"CC(=O)c1ccccc1NS(=O)(=O)c1c(C)nn(-c2ccccc2)c1C","0"
"COc1ccc(OC)c(NS(=O)(=O)c2ccc3c(c2)n(C)c(=O)n3C)c1","0"
"COc1ccc(NC(=O)c2oc3cc(C)c(C)cc3c2C)c(OC)c1","0"
"O=S(=O)(c1cccc2cccnc12)n1cnc2ccccc21","0"
"COc1cc(S(=O)(=O)Nc2cccnc2)ccc1F","0"
"O=C(CCn1cnc2ccccc2c1=O)Nc1ccc(S(=O)(=O)N2CCCCC2)cc1","0"
"CC(C)(C)c1cc(Cc2ccccc2)[nH]n1","0"
"O=c1nc(NC2CCCC2)ccn1Cc1cccc(Br)c1","0"
"COc1ccccc1Oc1coc2cc(OC(=O)N3CCOCC3)ccc2c1=O","0"
"O=C1CC(c2c[nH]c3ccccc23)C(=O)N1","0"
"O=C(Nc1ccccn1)c1cc(-n2cnnc2)ccc1Cl","0"
"O=C(CCN1C(=O)c2ccccc2C1=O)N1CCC(c2ccccc2)C1","0"
"Brc1cccc(-c2nnco2)c1","0"
"Fc1cc2nccnc2cc1N1CCSCC1","0"
"COCCNC(=O)c1ccc(C(=O)NCCOC)s1","0"
"COc1cccc(S(=O)(=O)N2CCN(c3ccccc3F)CC2)c1","0"
"O=C(C[NH+]1CCCCC1)NCCNC(=O)C[NH+]1CCCCC1","0"
"COCC(C)NC(=O)c1ccccc1OC(C)=O","0"
"Cn1nc(C(=O)NCC[NH+]2CCOCC2)c2ccccc2c1=O","0"
"CCOC(=O)Cn1nnc(-c2ccc(S(C)(=O)=O)cc2)n1","0"
"O=C(Nc1ccccc1N1CCCCC1)c1cccc(F)c1","0"
"CCOC(=O)N1CCN(C(=O)Nc2ccc(Cl)cc2Cl)CC1","0"
"Cn1c(=O)c2c(nc(NCc3ccco3)n2C)n(C)c1=O","0"
"COc1ccc(NC(=O)c2ccc(N(C)S(C)(=O)=O)cc2)cc1OC","0"
"c1ccc2nc3c(nc2c1)c1ccccc1n3CC[NH+]1CCOCC1","0"
"Cc1ccc(NC(=O)CN(c2ccccc2F)S(C)(=O)=O)cc1","0"
"Cc1cc(C(=O)Nc2ccc3c(c2)OCO3)cs1","0"
"C=CCNC(=O)C(C)N1C(=O)c2ccccc2C1=O","0"
"CCOC(=O)C1CCN(C(=O)CN(Cc2ccccc2)S(C)(=O)=O)CC1","0"
"CCn1c([S-])nnc1-c1c[nH]c2ccccc12","0"
"CS(=O)(=O)N(CC(=O)N1CC[NH+](Cc2ccccc2)CC1)Cc1ccccc1","0"
"Nn1c(SC/C=C/c2ccccc2)nnc1-c1ccco1","0"
"CCNC(=O)Cn1cnc2c1c(=O)n(C)c(=O)n2C","0"
"CC(C(=O)NC1=[NH+]CCS1)(C(F)(F)F)C(F)(F)F","0"
"[S-]c1nnc(Cc2ccccc2)n1Cc1ccco1","0"
"CSc1cccc(NS(=O)(=O)c2cccs2)c1","0"
"O=S(=O)(CCc1nc2ccccc2o1)c1ccc(Cl)cc1","0"
"Cc1n[nH]c(C)c1SCC(=O)Nc1ccc(F)cc1","0"
"Cc1cc(NC(=O)CSc2nc3ccccc3[nH]2)no1","0"
"CS(=O)(=O)c1nncn1-c1ccccc1","0"
"Cc1nc2sc(C(c3cccc(F)c3)[NH+]3CCC(O)CC3)c(O)n2n1","0"
"CCOC(=O)CNC(=O)C(NC(=O)C1CCC(C)CC1)C(C)CC","0"
"O=C1CCC(C(=O)NC2(C(=O)NC3CCCCC3)CCCCC2)N1","0"
"CCOC(=O)C(CC)n1cnc2c(nnn2-c2ccc(C)cc2)c1=O","0"
"CCC[NH+](CCC)CCNC(=O)C(NS(=O)(=O)c1ccc2c(c1)CCC(=O)N2)c1ccccc1","0"
"COc1ccccc1-c1cc(C(=O)Nc2c(F)cc(F)cc2Br)no1","0"
"O=C(CSc1nc(O)c(C2CCCCC2)c(O)n1)NCC1CCCO1","0"
"COC(=O)CNc1c(-c2ccccn2)nc2ccc(Br)cn12","0"
"Cc1ccc(N(C(=O)C2CCCC2)C2C=CS(=O)(=O)C2)cc1C","0"
"CCCOC(=O)NC(CC)COC(=O)Nc1cccc(C)c1C","0"
"Cc1n[nH]c(C)c1S(=O)(=O)N1CCCC(C(=O)NCc2cccs2)C1","0"
"Cc1ccc(CNC(=O)CN2CCN(Cc3ccc(C)cc3)C2=O)cc1","0"
"CC(NC(=O)c1ccco1)C(c1cccs1)[NH+]1CCN(c2ccccc2F)CC1","0"
"N#CC1=C([NH3+])Oc2cc(O)ccc2C1c1ccncc1","0"
"COCCCNC(=O)CSc1nc2ccccc2c(=O)n1CCCC(=O)NCC1CCCO1","0"
"CCOC(=O)c1[nH]c(C)c(C(=O)N2CCN(C(=O)OCC)CC2)c1CC","0"
"Oc1ccccc1Oc1ncc(Br)c(N2CCOCC2)n1","0"
"CCSc1nnc(-c2ccccc2NC(C)=O)c(O)n1","0"
"COc1ccc(N2CC[NH+](CCCNC(=O)c3cc4sccc4n3C)CC2)cc1","0"
"Cc1nccn1S(=O)(=O)c1ccc(Br)cc1Br","0"
"c1ccc(-c2nnc3ccc(N4CCC5(CC4)OCCO5)nn23)cc1","0"
"COCCCNC(=O)c1ccc2c(c1)ncn2-c1ccccc1OC","0"
"O=C1CCCCCC1C1(O)C(=O)Nc2ccc(Br)cc21","0"
"O=C(NC1CCCCC1)C1CCN(S(=O)(=O)N2CCOCC2)CC1","0"
"COc1cccc(-n2nnc3c(=O)n(Cc4cccc(F)c4)cnc32)c1","0"
"O=C(NCc1cn2ccsc2[nH+]1)c1cccc(C(F)(F)F)c1","0"
"CCOC(=O)N1CCN(C(=O)CCCN2C(=O)CSc3nc(C)cc(C)c32)CC1","0"
"CCC[NH+](CCC)CCNC(=O)C1CC[NH+](Cc2nc(-c3ccc(Cl)cc3)oc2C)CC1","0"
"COc1ccccc1-c1cc(C(=O)NCC[NH+]2CCOCC2)no1","0"
"CCc1ccc(Nc2oc(C)cc(=O)c2C(C)=O)cc1","0"
"CCC(Sc1nc2nnc(C)c-2c(N)n1-c1cc(Cl)ccc1C)C(=O)N1CCOCC1","0"
"Oc1nncc2c3ccccc3n(Cc3ccc(F)cc3)c12","0"
"CCN(CCCNC(=O)CC(C(=O)N1CCc2ccccc21)n1ccnc1)c1cccc(C)c1","0"
"COc1cccc(/C=N/c2cc(C)on2)c1O","0"
"NS(=O)(=O)c1ccc(CCNc2cc(=O)n(Cc3ccc(F)cc3)c(=O)[nH]2)cc1","0"
"COc1ccc(CCNC(=O)Cn2cnc3c(cnn3C(C)(C)C)c2=O)cc1OC","0"
"CC1CC(C)CN(C(=O)Cn2c(=O)n(CCCCC(=O)NC3CCCC3)c(=O)c3ccccc32)C1","0"
"CCN(c1cccc(C)c1)S(=O)(=O)c1ccc2c(c1)CCN2C(C)=O","0"
"COCc1cc(C)nc(SCC(=O)Nc2cccc(C)c2C)c1C#N","0"
"COc1cccc(-n2nnc3c(=O)n(CC(=O)N4CCCCC4)cnc32)c1","0"
"COc1cc(NS(=O)(=O)c2ccc(F)cc2)c(C(=O)[O-])cc1OC","0"
"CC(C(=O)[O-])N1C(=O)CSc2ncccc21","0"
"COC(=O)c1c(C)nc2ccccc2c1C(=O)[O-]","0"
"COc1ccc(C2Nc3ccccc3C(=O)N2O)cc1OC","0"
"CCOC(=O)N1CCN(C(=O)c2cn(-c3ccc(C)c(C)c3)c(=O)c3ccccc23)CC1","0"
"CCOC(=O)c1cc2n(c1C)-c1ccccc1C2=O","0"
"CCOC(=O)N1CCN(C(=O)CCn2c(=S)[nH]c3cc(OCC)c(OCC)cc3c2=O)CC1","0"
"Cn1cc(-c2nc3cnc(N4CC[NH+](C)CC4)nc3n(CCc3ccccc3)c2=O)c2ccccc21","0"
"CC(=O)N1CCC2(CC1)CCN(c1ccccc1)CC2","0"
"N#Cc1ccc(C[NH+]2CCC3(CC[NH2+]CC3)CC2)cc1","0"
"COc1cccc(Nc2ncc3nc(CCc4ccccc4)c(=O)n(C4CC4)c3n2)c1","0"
"O=C(c1cccc(F)c1)N1CCC2(CC1)CC[NH+](Cc1ccncc1)CC2","0"
"O=C(Oc1ccccc1)N1CCC2(CCCN(c3ncccn3)C2)CC1","0"
"COc1cccc(Cn2c(=O)c(C)nc3cnc(Nc4ccccc4)nc32)c1","0"
"C[NH+](C)Cc1ccccc1-c1ccc2ncnc(NCc3cccs3)c2c1","0"
"C[NH+](C)Cc1ccccc1-c1ccc2ncnc(N3CCOCC3)c2c1","0"
"CC1CCCCC12NC(=O)N(Cn1nnc3ccccc3c1=O)C2=O","0"
"COc1ccc(NC(=O)COc2ccccc2C#N)c(S(=O)(=O)N2CCCCC2)c1","0"
"Cc1cc(O)nc(NC(=[NH2+])Nc2cccc3ccccc23)n1","0"
"O=C(OCC(=O)N1CCOCC1)C(c1ccccc1)c1ccccc1","0"
"C[NH+](C)C(CNC(=O)C1CCCN(C(=O)c2ccc(Cl)cc2)C1)c1ccco1","0"
"CC1(C)Cc2cccc(OCC(=O)Nc3ccccc3N3CCOCC3)c2O1","0"
"Cc1csc(C2=C(N)[NH+](CCc3ccccc3)CC2=O)n1","0"
"N#C/C(=C(/O)COC(=O)CCCNC(=O)c1ccc(Cl)cc1)c1nc2ccccc2[nH]1","0"
"Cc1cc(NC(=O)c2cncc(Br)c2)n(-c2ccccn2)n1","0"
"CCCC1(CCC)NC(=O)NC1=O","0"
"O=C1c2ccccc2C(=O)N1CCCCSc1nnc(-c2ccc(OC(F)F)cc2)o1","0"
"O=C(NCC(c1cccs1)[NH+]1CCOCC1)c1cc2ccccc2o1","0"
"O=C(COc1ccc(Cl)cc1)N1CCN(c2ncccn2)CC1","0"
"C=CCn1c(SCC(=O)NCc2cccs2)nnc1C1CCCCC1","0"
"Cc1sc2ncnc(OCC(=O)NCc3cccs3)c2c1C","0"
"N#C/C(=C1/CCCCC[NH2+]1)c1nc2ccccc2s1","0"
"O=C(c1ccco1)N1CC[NH+](CC(O)COc2ccc3oc4ccccc4c3c2)CC1","0"
"CC(=O)NS(=O)(=O)c1ccccc1","0"
"COc1ccc(-n2c(C)cc(C(=O)Cn3nnc4ccccc4c3=O)c2C)cc1","0"
"Cc1cc(=O)n2c(ccc3ccccc32)c1C#N","0"
"O=C(COC(=O)CCC(=O)c1ccc(F)cc1)Nc1ccc(N2CCOCC2)cc1","0"
"Cc1cc(C)c2c(C[NH+]3CCN(C)CC3)cc(=O)oc2c1","0"
"COCCn1c(C)nc2oc3ccc(Br)cc3c(=O)c2c1=O","0"
"CN(Cc1ccccc1)c1nc2c(c(=O)[nH]c(=O)n2C)n1CCCSc1ncccn1","0"
"O=C(Nc1ccc2c(c1)nc1n2CCOC1)c1ccco1","0"
"COc1ccc(C(CCN2C(=O)CCC2=O)C(C)C)cc1","0"
"COc1ccccc1NC(=O)CCSc1nnnn1C","0"
"Cc1cc(C)c2oc(=O)cc(C[NH+]3CCN(Cc4ccc5c(c4)OCO5)CC3)c2c1","0"
"Cc1ccc(N2C(=O)NC(=O)/C(=C\Nc3ccccc3N)C2=O)cc1C","0"
"CCOC(=O)c1cnn(-c2cc(C)nc3c(-c4ccccc4)cnn23)c1N","0"
"O=C1CC(c2ccccc2)n2nc(NC(=O)C3CCCO3)nc2N1","0"
"COc1ccc2c(c1OC)C(=O)OC2Nc1ccccc1S(=O)(=O)[C-](F)F","0"
"Cc1nc(O)nc(O)c1CSc1nnc([C@@H](NC(=O)OC(C)(C)C)C(C)C)o1","0"
"[NH3+]CCCCCc1nnc(SCc2cccc(Cl)c2)o1","0"
"Nc1c(N2CCCCC2)c(=O)[nH]c(=O)n1-c1ccccc1","0"
"CCCCOP(=O)(c1ccc(N(C)C)cc1)C(O)c1ccncc1","0"
"Cc1nnc2n(C3CCCCC3)c(=O)c3c4c(sc3n12)COC(C)(C)C4","0"
"CCCC1C(c2ccc(OC)cc2)C(C#N)(C#N)C2(C#N)CC1([NH3+])NC2=O","0"
"CC[NH+](CC)CCN1C(=O)C(O)=C(C(=O)c2ccc(F)cc2)C1c1cccnc1","0"
"O=C1NCC(COCC2CC=CCC2)O1","0"
"Nc1nc(-c2cccnc2)nc(N2CCCCC2)n1","0"
"CCCc1nc2ccccc2c(=O)n1/N=C/c1ccc(O)cc1","0"
"CCCn1c(=N)n(CCOc2ccc(OC)cc2)c2ccccc21","0"
"CC/C(=N\c1ccc(N)cc1)C1=C([O-])C(C(=O)OC)C(C)(C)CC1=O","0"
"COCC[NH2+]CC(=O)NC12CC3CC(CC(C3)C1)C2","0"
"Cc1cc(OCC(=O)[O-])c2ccccc2n1","0"
"[O-]c1c(/C=N/CCCn2ccnc2)c(-c2ccccc2)nn1-c1nc2ccccc2s1","0"
"CN(C)c1nc(OCCOC(=O)Nc2ccc(Cl)cc2Cl)nc(N(C)C)n1","0"
"COc1cc2c(cc1OC)C1(CCCC1)C([NH3+])=C2C#N","0"
"CN1C(=O)C(=C([O-])c2ccccc2Cl)C(=O)N(C)C1=O","0"
"Cc1cccc(C)c1NC(=O)C(NC=O)c1ccc(N(C)C)cc1","0"
"O=C1N[C@@H](Cc2c[nH]cn2)C(=O)N2CCC[C@@H]12","0"
"COc1ccc2[nH]cc(CC[NH+](C)C)c2c1","0"
"CCC(=O)c1ccc(O)cc1","0"
"O=C([O-])Cc1ccccc1Nc1c(Cl)cccc1Cl","0"
"COc1ccc(C(c2nnnn2C(C)(C)C)[NH+]2CCN(C)CC2)cc1OC","0"
"O=C([O-])CCn1c(C(=O)[O-])cc2sccc21","0"
"O=C(c1cn(CC(=O)N2CCCC2)c2ccccc12)C1CCCCC1","0"
"CCOC(=O)CN1C(=O)NC2NC(=O)NC21","0"
"Cc1onc(-c2c(Cl)cccc2Cl)c1C(=O)Nn1cnnc1","0"
"O=S(=O)(Cc1ccccc1)N1CCC(c2nc(-c3cccs3)no2)CC1","0"
"O=C(CN1C(=O)CSC1=O)NC1CCCCC1","0"
"CC(C)N(C(=O)CSc1nnnn1C1CCCC1)C(C)C","0"
"Cc1ccc2cc3c(N)c(C(=O)N4CCOCC4)sc3nc2c1","0"
"Cn1c(=O)[nH]c(=O)c2[nH]c(NCCC[NH+]3CCOCC3)nc21","0"
"O=C(c1cnn2c(C(F)F)cc(-c3ccccc3)nc12)N1CCOCC1","0"
"COc1ccccc1C(=O)Nc1ccc2c(c1)OCCO2","0"
"CC(C)(C)n1nnnc1C(c1ccc(C#N)cc1)[NH+]1CCCC2(CCCCC2)C1","0"
"CCOC(=O)CSc1nnc(Cc2ccccc2)n1CC1CCCO1","0"
"O=C(NC1CCCCC1)C(c1ccccc1)N(Cc1ccco1)C(=O)Cn1cnc2ccccc21","0"
"CC(C)CCOc1cccc(OCC(=O)NC2CCS(=O)(=O)C2)c1","0"
"CCCc1cc(Nc2cccc(OC)c2)n2ncnc2n1","0"
"CCn1nnc(NC(=O)c2c(OC)cccc2OC)n1","0"
"Cc1cccc(NC(=O)CSc2nnc(-c3ccco3)o2)c1C","0"
"Cn1ccnc1Sc1nc2c(c(=O)n(C)c(=O)n2C)n1C","0"
"CCNC(=O)C1CC(=O)N(Cc2ccc(F)cc2)C(=[NH+]c2ccc(OC)cc2)S1","0"
"COc1ccc(N2C(=O)C(Cl)=C([NH+]3CCCC3)C2=O)cc1","0"
"CCC(C)(C)n1nnnc1C(c1ccccn1)[NH+]1CCOCC1","0"
"Cc1c(C(=O)Nc2ccc(-n3cnnn3)cc2)oc2ccccc12","0"
"CC[NH+]1CCN(C(=O)CN(c2ccc(C)cc2)S(C)(=O)=O)CC1","0"
"Cc1cc(NC(=O)CSc2nnc(CNc3ccc(F)cc3)n2C2CCCCC2)no1","0"
"CS(=O)(=O)Nc1ccccc1C(=O)N1CCCC1","0"
"CON(C)c1nc(OCCNC(=O)OCc2ccc(Cl)cc2Cl)nc(N(C)C)n1","0"
"O=S(=O)(NC1CC1)c1cccc(S(=O)(=O)N2CCCC2)c1","0"
"O=C1c2ccccc2C(=O)N1c1ccc(S(=O)(=O)N2CCN(c3ccccc3)CC2)cc1","0"
"CNC(=O)CSc1nnc(-c2ccc(S(=O)(=O)N3CCCC3)cc2)n1-c1cccc(C)c1C","0"
"O=C(C[NH+]1CCC(O)(c2ccc3c(c2)OCO3)CC1)N1CCOCC1","0"
"CC(C)(C)Nc1nc(OCC(F)(F)F)nc(OCC(F)(F)F)n1","0"
"CCc1c(C)nc2ncnn2c1N1CCCC(C(=O)NCc2ccc3c(c2)OCO3)C1","0"
"COc1ccc(N2C(=O)CC([NH2+]C3CC3)C2=O)cc1","0"
"CCNc1oc(COc2cccc(C)c2)nc1C#N","0"
"NC(=O)Cn1cnc(-c2ccccc2)c1","0"
"Cc1cc(NC(=O)CSc2nc3c(c(=O)n(C)c(=O)n3C)n2C(C)C)no1","0"
"O=C(Cn1nnc2c(cnn2-c2ccccc2)c1=O)NCc1cccs1","0"
"[NH3+]CCSSCC[NH3+]",0
"[NH3+]CCC[NH2+]CCCC[NH2+]CCC[NH3+]",0
"[NH3+]CCCCCCCCCC[NH3+]",0
"[NH3+]CCSSCC[NH3+]",0
"ClCC[NH+](CCCl)CCCl",0
"[NH3+]CCSSCC[NH3+]",0
"ClC(Cl)(Cl)Cl",0
"ClC(Cl)(Cl)C(Cl)(Cl)Cl",0
"ClC(Cl)C(Cl)Cl",0
"ClCCOCOCCCl",0
"ClC(Cl)(Cl)Cl",0
"ClCCOP(OCCCl)OCCCl",0
"[NH3+]CCC[NH2+]CCCC[NH2+]CCC[NH3+]",0
"Fc1ccc(NCc2nnc(SCc3nnc(-c4ccccc4)o3)n2Cc2ccccc2)cc1",0
"N#Cc1nc(COc2cccc(Cl)c2)oc1NCc1ccco1",0
"N#Cc1nc(COc2ccc(-c3ccccc3)cc2)oc1NCc1cccnc1",0
"c1ccc2c(-c3nnc(SCc4cn5ccccc5[nH+]4)o3)c[nH]c2c1",0
"N#Cc1nc(COc2cccc(Cl)c2)oc1NCc1ccncc1",0
"Fc1cccc(Cl)c1Cn1nnc2c(-n3ccnc3)ncnc21",0
"N#Cc1cccc(-c2cncnc2NCCc2cnc[nH]2)c1",0
"N#Cc1cccc(-c2nc(NCc3cccs3)c3ccccc3n2)c1",0
"Clc1ccc(OCCCc2nc(-c3cccnc3)no2)c(Cl)c1",0
"N#Cc1cc(Oc2cccc3cccnc23)c(-n2nnc3ccccc32)cc1C#N",0
"Clc1cccc(-c2nc(NCc3cccnc3)c3ccccc3n2)c1",0
"Clc1cccc(Cl)c1Cn1cnc2c(NCc3ccco3)ncnc21",0
"Clc1ccc(Cn2ncc3c(NCc4cccnc4)ncnc32)cc1",0
"Nc1nonc1-c1noc(CCCOc2ccc(Cl)cc2Cl)n1",0
"N#Cc1cccc(-c2cncnc2NCc2cccs2)c1",0
"c1ccc(-c2cnnc(SCc3cn4cccnc4[nH+]3)n2)cc1",0
"N#Cc1nc(Cc2cccc3ccccc23)oc1NCc1ccc(F)cc1",0
"[NH3+][C@@H](Cc1c[nH]c2ccccc12)c1nnc(SCc2ccc(F)cc2)o1",0
"[NH3+][C@@H](Cc1c[nH]c2ccccc12)c1nnc(SCc2ccccc2F)o1",0
"FC(F)(F)c1cnc(C(c2ccccn2)c2nc[nH]n2)c(Cl)c1",0
"Fc1ccccc1CSc1nncn1NCc1cccs1",0
"N#Cc1cccc(-c2nccc(NCc3cccs3)n2)c1",0
"c1cncc(CNc2nc(-c3ccoc3)nc3ccccc23)c1",0
"FC(F)(F)c1ccccc1-c1cncnc1NCCc1cnc[nH]1",0
"c1ccc(-c2nnc(SCc3cn4ccsc4[nH+]3)o2)cc1",0
"FC(F)(F)COc1ccc(-c2nnc(SCc3ccccc3)o2)cn1",0
"c1cncc(-c2nc(NCc3cccs3)c3ccccc3n2)c1",0
"Nc1nccc(-c2cccc(OCc3c(F)cccc3Cl)c2)n1",0
"Fc1cccc(Cl)c1CSc1nnc(CNc2ccccc2)o1",0
"Clc1ccc(-c2nnc(COc3ncnc4sccc34)o2)cc1",0
"c1ccc2[nH]c(SCc3cn4cccnc4[nH+]3)nc2c1",0
"FC(F)(F)c1cnc(-c2cnc3c(-c4ccc(Cl)cc4)cnn3c2)c(Cl)c1",0
"FC(F)(F)c1cc(NCc2cccs2)n2ncnc2n1",0
"Clc1cccc(NCc2nnc(SCc3ccccc3Cl)o2)c1",0
"c1ccc(-c2nc(NCc3ccco3)c3oc4ccccc4c3n2)cc1",0
"FC(F)(F)c1cccc(NCc2cn3cccnc3[nH+]2)c1",0
"c1cncc(-c2nc(NCc3cccs3)c3ccccc3n2)c1",0
"c1ccc2oc(SCc3cn4ccsc4[nH+]3)nc2c1",0
"Clc1ccc2[nH+]c(CSc3nc4ccccc4o3)cn2c1",0
"Nc1nc(CSc2nc[nH]n2)nc(Nc2ccc(F)cc2)n1",0
"Fc1ccc(-c2nnc(CSc3nnc4ccccn34)o2)cc1",0
"Nc1nc(CSc2nc3ccccc3s2)nc(Nc2ccccc2)n1",0
"Clc1ccc(-c2nnc(SCc3nc4ccccc4s3)o2)cc1",0
"N#CC(Cc1ccccc1OC(F)F)c1nc2ccccc2[nH]1",0
"N#CC(Cc1ccc(OC(F)F)cc1)c1nc2ccccc2[nH]1",0
"Fc1ccc(-c2nnc(CSc3nnc(-c4cccs4)o3)o2)cc1",0
"Clc1ccc(-c2nnc(CSc3nnc(-c4cccs4)o3)o2)cc1",0
"Nn1c(SCc2cccc(Oc3ccccc3)c2)nnc1C(F)(F)F",0
"Clc1ccc(CSc2nnc(-c3c[nH]c4ccccc34)o2)cc1",0
"Fc1ccc(C(CCCn2nnc(-c3cccnc3)n2)c2ccc(F)cc2)cc1",0
"Clc1ccc(-c2nnc(SCc3nc(-c4ccccc4)no3)o2)cc1",0
"FC(F)(F)c1cc(-c2ccco2)nc(-n2cnc3ccccc32)n1",0
"FC(F)(F)c1ccccc1-c1cc(NCc2cccs2)ncn1",0
"N#Cc1cccc(-c2nc(Nc3ccncc3)c3ccccc3n2)c1",0
"c1csc(CNc2nc(-c3ccoc3)nc3ccccc23)c1",0
"FC(F)(F)c1ccccc1-c1cc(NCc2cccnc2)ncn1",0
"c1ccn2c(SCc3cn4ccsc4[nH+]3)nnc2c1",0
"c1ccn2c(CNc3ncnc4sccc34)nnc2c1",0
"FC(F)(F)c1cnc(C(c2ccccc2)c2nc[nH]n2)c(Cl)c1",0
"Nc1nccc(-c2ccc(OCc3c(F)cccc3Cl)cc2)n1",0
"N#Cc1cccc(Oc2ccc(-c3cnc4ccccc4n3)cc2)c1C#N",0
"Nc1[nH]cnc2nc(SCc3ccc(Cl)cc3Cl)nc1-2",0
"Clc1ccc(Cn2ncc3c(NCc4ccccc4)ncnc32)cc1",0
"c1ccc2c(CCNc3[nH]cnc4ncnc3-4)c[nH]c2c1",0
"FC(F)(F)c1cccc(OCCOCCn2cncn2)c1",0
"N#Cc1cccc(-c2cncnc2NCc2ccccc2)c1",0
"Clc1ccccc1-c1cncnc1NCCc1cnc[nH]1",0
"N#Cc1nc(Cc2ccccc2)oc1NCc1cccnc1",0
"Clc1cccc(NCc2nnc(SCc3ccccc3)o2)c1",0
"N#Cc1ccc(CSc2nnc(-c3cccnc3)o2)cc1",0
"c1ccc2[nH]c(SCc3cn4ccccc4[nH+]3)nc2c1",0
"Nn1c(Cc2cccc3ccccc23)nnc1SCc1ccccc1Cl",0
"Fc1ccc(CNc2nc3ccccc3n3nnnc23)cc1",0
"Fc1ccc(CNc2nc3ccccc3n3cnnc23)cc1",0
"c1ccc(COc2ccc(Nc3[nH]cnc4ncnc3-4)cc2)cc1",0
"c1ccc(CNc2nc3ccccc3n3cnnc23)nc1",0
"c1cncc(-c2nnc(SCc3cccc4ccccc34)o2)c1",0
"Nc1nnnn1NCc1cccc(OCc2ccccc2)c1",0
"Nc1nnc(SCc2coc(-c3ccc(Cl)cc3)n2)s1",0
"Clc1ccc(-c2nnc(SCc3ccon3)o2)c(Cl)c1",0
"N#Cc1cccc(-c2nccc(NCc3ccccc3)n2)c1",0
"Clc1ccccc1CN(Cc1ccccc1)c1[nH]cnc2ncnc1-2",0
"N#Cc1ccc(CSc2nnc(-c3cnccn3)o2)cc1",0
"Clc1ccc(CSc2n[nH]c3c4ccccc4nc-3n2)cc1",0
"Clc1ccc2[nH+]c(CSc3nc[nH]n3)cn2c1",0
"c1ccc2nc(SCc3cn4ccccc4[nH+]3)cnc2c1",0
"Fc1ccc(C(Nc2ccccn2)c2c[nH]c3ccccc23)cc1",0
"Fc1ccc(-c2cnn3c(-c4cccs4)ccnc23)cc1",0
"N#CC(c1ccccn1)c1ncc(C(F)(F)F)cc1Cl",0
"Fc1ccc(-c2cc(C(F)(F)F)nc(-n3cc(Cl)cn3)n2)cc1",0
"Nc1cccc(-c2cn3cc(C(F)(F)F)cc(Cl)c3[nH+]2)c1",0
"N#CC(c1cccc(Cl)c1)c1ncc(C(F)(F)F)cc1Cl",0
"[NH3+]CCCCCc1nnc(SCc2ccc(Cl)c(Cl)c2)o1",0
"N#Cc1cc(Oc2ccccc2)c(-n2nnc3ccccc32)cc1C#N",0
"c1ccc(-c2cc(CSc3nc4ccccc4[nH]3)on2)cc1",0
"Nc1ncnc2c1ncn2CC[NH2+]CCc1ccccc1",0
"N#Cc1cccc(-c2cncnc2-n2ccnc2)c1",0
"N#Cc1cccc(-c2cc(-n3ccnc3)ncn2)c1",0
"Clc1ccccc1-c1cncnc1NCc1cccs1",0
"Clc1ccc(-c2nnn(Cc3nc4ccccc4s3)n2)cc1",0
"c1ccc(Cn2c(NCc3ccco3)nc3ccccc32)cc1",0
"[NH3+]CCCCCc1nnc(SCc2ccccc2Cl)o1",0
"c1coc(CNc2ncnc3c2oc2ccccc23)c1",0
"Fc1ccc(-c2nnn(Cc3nc4ccccc4s3)n2)cc1",0
"Fc1ccc(-c2nc(-c3cnccn3)no2)c(Cl)c1",0
"c1coc(CNc2[nH]cnc3nncc2-3)c1",0
"Fc1cccc(Cl)c1CSc1nnc2ccccn12",0
"Fc1ccc(CSc2nnc3ccccn23)c(Cl)c1",0
"N#CCc1ccc(Oc2ncc(C(F)(F)F)cc2Cl)cc1",0
"Fc1ccccc1CSc1nnc(-c2cccnc2)o1",0
"Fc1ccc(OCc2nc(-c3cccs3)no2)cc1",0
"N#CCSc1ccc(-c2nc3ccccc3[nH]2)cn1",0
"Fc1ccc(-c2nnc(SCc3cccnc3)o2)cc1",0
"Fc1ccc(CSc2nnc(-c3cccnc3)o2)cc1",0
"N#Cc1ccccc1CSc1nnc(Cc2ccccc2)o1",0
"c1ccc(Cn2c(NCc3ccccn3)nc3ccccc32)cc1",0
"FC(F)(F)c1cc(-c2ccccc2)nc(-n2cc(Cl)cn2)n1",0
"Nn1c(Cc2cccc3ccccc23)nnc1SCc1ccccc1",0
"c1ccc(NCc2nc3ccccc3n2CCOc2ccccc2)cc1",0
"c1ccc(CNc2ncnc3c2oc2ccccc23)nc1",0
"N#CCSc1nccc(-c2cc(Cl)sc2Cl)n1",0
"N#Cc1cn(CCOc2ccc(F)cc2)c2ccccc12",0
"Clc1ccc(CSc2nnc(-c3cccnc3)o2)cc1",0
"Fc1ccc(CSc2nncn2NCc2ccccc2)cc1",0
"c1ccc(-c2cc(-c3nc(-c4cccnc4)no3)c3ccccc3n2)cc1",0
"c1ccc(COc2ccc(OCCOCCn3cncn3)cc2)cc1",0
"c1ccc(OCCCc2nc(-c3cccnc3)no2)cc1",0
"Nc1nc(CSc2ccccn2)nc(Nc2ccccc2)n1",0
"c1ccc(-c2nnc(CSc3nc4ccccc4[nH]3)o2)cc1",0
"c1ccc(CCNc2nc3ccccc3n3nnnc23)cc1",0
"FC(F)(F)c1cc(-c2ccco2)nc(NCc2ccco2)n1",0
"Clc1ccccc1-c1cc(NCc2cccnc2)ncn1",0
"c1ccc2c(Nc3ccncc3)nc(-c3ccoc3)nc2c1",0
"c1ccn2cc(CSc3nnc4ccccn34)[nH+]c2c1",0
"c1ccc(CSc2nnc(-c3c[nH]c4ccccc34)o2)cc1",0
"Clc1ccc(CSc2nncn2-c2ccccn2)cc1",0
"c1ccc(CCNc2ncnc3c2nnn3Cc2ccccc2)cc1",0
"Fc1ccccc1CSc1nnc(-c2cccs2)o1",0
"Fc1ccccc1-c1nc(-c2cnccc2C(F)(F)F)no1",0
"c1ccc(CCNc2ncnc3sccc23)nc1",0
"N#Cc1ncc(C(F)(F)F)cc1Oc1cccnc1",0
"FC(F)(F)c1cnc(-c2cnc(-c3cccnc3)nc2)c(Cl)c1",0
"c1ccc2c(CSc3[nH]cnc4ncnc3-4)cccc2c1",0
"Clc1ccc(COc2cccc(C[NH2+]Cc3ccncc3)c2)cc1",0
"Clc1ccc(Nc2nc3ccccc3n3nnnc23)cc1",0
"Clc1ccc(SCc2cn3cccnc3[nH+]2)cc1",0
"Clc1ccc(-c2noc(CCCOc3ccccc3)n2)cc1",0
"Nc1ccccc1SCc1cn2cccnc2[nH+]1",0
"FC(F)Sc1ccc(Nc2[nH]cnc3ncnc2-3)cc1",0
"c1ccc(-c2noc(CSc3nc4ccccc4o3)n2)cc1",0
"Fc1ccc(-c2cc(C(F)(F)F)nc(-n3cncn3)n2)cc1",0
"Fc1ccc(Nc2ccnc(-c3ccccc3C(F)(F)F)n2)cc1",0
"FC(F)(F)c1ccccc1-c1nccc(NCc2ccccc2)n1",0
"Fc1ccc(Nc2nc(-c3cccnc3)nc3ccccc23)cc1",0
"Fc1ccc(CSc2nnc(-c3cccs3)o2)cc1",0
"Nc1ncnc(SCc2c(F)cccc2Cl)n1",0
"c1cncc(CNc2ncnc3sccc23)c1",0
"N#Cc1ccc(CSc2nnc3ccccn23)cc1",0
"Nc1nn(-c2cccc(F)n2)cc1-c1ccc(Cl)cc1",0
"FCCCOc1ccc(-c2ccnc3ncnn23)cc1",0
"Nc1ncc(-n2cncn2)c(-c2ccc(Cl)cc2)n1",0
"c1ccc(C2=N[NH+]=C(c3ccco3)Nc3ccccc32)cc1",0
"c1ccc(-c2nnc(OCc3cccnc3)c3ccccc23)cc1",0
"Fc1cccc(Cl)c1CNn1cnnc1[S-]",0
"Nc1nnc(SCc2nnc(-c3ccccc3)o2)s1",0
"Fc1ccc(COc2cccc(C[NH2+]Cc3ccncc3)c2)cc1",0
"Clc1ccc(CSc2nnc3ccccn23)c(Cl)c1",0
"c1ccc(COc2cccc(C[NH2+]Cc3cccs3)c2)cc1",0
"N#CC(c1ccc(Cl)cc1)c1ncc(C(F)(F)F)cc1Cl",0
"Clc1ccc(Cc2nc(-c3cccnc3)no2)cc1",0
"Fc1ccccc1Nc1nc2ccccc2n2nnnc12",0
"FC(F)(F)c1cnc2c(-c3cccnc3)noc2c1",0
"Nc1nc(CSc2ncccn2)nc(Nc2ccccc2)n1",0
"c1csc(-c2nnc(Cc3cccc4ccccc34)o2)c1",0
"c1coc(CNc2ncnc3nc[nH]c23)c1",0
"Nc1nc2ccccc2n1CCOc1ccccc1Cl",0
"Clc1ccccc1CNc1[nH]cnc2ncnc1-2",0
"c1csc(CNc2[nH]cnc3ncnc2-3)c1",0
"Clc1ccc(CCNc2[nH]cnc3ncnc2-3)cc1",0
"c1coc(CNc2[nH]cnc3ncnc2-3)c1",0
"c1ccc(Oc2cccc(OCCCn3cncn3)c2)cc1",0
"Nc1nnc(COc2cccc(C(F)(F)F)c2)s1",0
"FC(F)(F)c1cc(-c2ccccc2)nc(-n2cncn2)n1",0
"FC(F)(F)c1ccccc1-c1cncnc1-n1ccnc1",0
"FC(F)(F)c1ccccc1-c1cc(NCc2ccccc2)ncn1",0
"Clc1ccc(OCc2n[nH]c(-c3ccccn3)n2)cc1",0
"C#CCSc1nc(-c2ccco2)n[nH]1",0
"c1coc(CNc2ncnc3[nH]cnc23)c1",0
"N#CCCN(CC#Cc1ccccc1)OCc1ccccc1",0
"c1coc(CNc2ncnc3[nH]cnc23)c1",0
"Nc1nnc(SCc2c(F)cccc2Cl)s1",0
"C#CCSc1n[nH]c(-c2ccco2)n1",0
"N#CC(Sc1ccccn1)c1ccc(Cl)cc1Cl",0
"N#CCSc1nc2ccccc2c2nc3ccccc3n12",0
"FCCCOc1ccc(-c2nccc(-c3ccc(Cl)cc3)n2)cc1",0
"Fc1ccc(-c2cn3cc(C(F)(F)F)cc(Cl)c3[nH+]2)cc1",0
"Clc1ccc(-c2nnc(CCc3ccccc3)o2)c(Cl)c1",0
"N#Cc1ccc(-c2ccc(F)cc2)nc1Oc1ccccc1",0
"Clc1ccc(Nc2ccc(-n3ccnc3)nn2)cc1Cl",0
"Nc1ncnc2nc(-c3ccccc3)cc(-c3ccc(F)cc3)c12",0
"c1ccc(OCc2nc(-c3cccs3)no2)cc1",0
"N#Cc1cn(CCCOc2ccccc2)c2ccccc12",0
"c1ccc(CSc2nnc(-c3cccnc3)o2)cc1",0
"c1ccc(CSc2n[nH]c(-c3ccco3)n2)cc1",0
"c1ccc(C(Cc2nc(-c3cccnc3)no2)c2ccccc2)cc1",0
"c1ccc(CNc2[nH]cnc3ncnc2-3)nc1",0
"Clc1ccc(COn2nnc3ccccc32)c(Cl)c1",0
"c1ccc(COc2ccc(OCCCn3cncn3)cc2)cc1",0
"Clc1ccc(Cc2noc(-c3cccs3)n2)cc1",0
"Nc1ncnc2c1ncn2CCOc1ccccc1",0
"Nc1nnc(SCc2ccc(F)cc2Cl)s1",0
"Nn1c(COc2ccccc2)nnc1SC(F)F",0
"c1ccc(CNc2ccnc(-c3cccnc3)n2)cc1",0
"c1ccc(CNc2ccnc(-c3ccoc3)n2)cc1",0
"[NH3+]CCc1nnc(SCc2ccccc2F)o1",0
"Nc1[nH]cnc2nc(SCc3ccccc3)nc1-2",0
"Clc1cccc(Cl)c1Cn1nnc(-c2cccs2)n1",0
"c1nc(NCCc2c[nH]cn2)c2nc[nH]c2n1",0
"Fc1ccc(C(OCCCc2c[nH]cn2)c2ccc(F)cc2)cc1",0
"Nc1nc(OCc2ccccc2)c2nc[nH]c2n1",0
"N#Cc1c(F)cccc1NCc1cccs1",0
"N#Cc1ccc(COn2nnc3ccccc32)cc1",0
"Clc1ccc(SCc2cn3ccccc3[nH+]2)cc1",0
"Clc1ccc2[nH+]c(CSCc3ccccc3)cn2c1",0
"Nc1ncc(-n2cncn2)c(-c2ccccc2)n1",0
"Fc1ccc(OCCOCCOc2cccc3[nH]ccc23)cc1",0
"FC(F)(F)COc1ccc(-n2ccnc2)nn1",0
"Nc1[nH]nc2ncc3cc4ccccc4nc3c12",0
"Nc1nnc(CSCc2ccc(Cl)cc2Cl)s1",0
"N#Cc1ccc(Oc2nc(C#N)cc(-c3ccccc3)n2)cc1",0
"c1ccc(COc2ccc(C[NH2+]Cc3cccs3)cc2)cc1",0
"FCCCOc1ccc(-c2ccnc(-c3ccccc3)n2)cc1",0
"FCCCOc1ccc(-c2nccc(-c3ccc(F)cc3)n2)cc1",0
"FC(F)(F)c1cc(Cl)c2[nH+]c(-c3ccccc3)cn2c1",0
"Nc1ncnc(Nc2cccc(C(F)(F)F)c2)n1",0
"c1ccc(Oc2cccc(OCCCCSc3ncccn3)c2)cc1",0
"Clc1ccc(CCNc2nc3ccccc3s2)cc1",0
"c1ccc2c(c1)nnn2CNc1nccs1",0
"Fc1ccc(CNn2cnnc2SCc2ccc(F)cc2)cc1",0
"N#Cc1nc(Cc2ccccc2)oc1NCc1ccccc1",0
"Nc1nc(SCc2ccc(Cl)cc2Cl)ns1",0
"Clc1ccc(-c2noc(COc3ccccc3)n2)cc1",0
"Fc1cccc(Cl)c1CSc1nc[nH]n1",0
"N#CCCn1nnc(-c2ccccc2F)n1",0
"Fc1ccc(Cc2nnc(-c3cccs3)o2)cc1",0
"c1ccc(Cn2c(Nn3cnnc3)nc3ccccc32)cc1",0
"Nc1nc(Nc2ccc(Cl)cc2Cl)nc(C(F)(F)F)n1",0
"Clc1cccc(OCCn2cncn2)c1Cl",0
"c1ccc(CCc2nc(-c3cccnc3)no2)cc1",0
"Nc1n[nH]c(SCc2ccc(Cl)cc2Cl)n1",0
"c1ccc(COc2ccc(OCCn3cncn3)cc2)cc1",0
"c1ccc(Cc2ccc(OCCn3cncn3)cc2)cc1",0
"c1ccc(CCNc2[nH]cnc3ncnc2-3)cc1",0
"c1ccc(COc2cccc(CNn3cnnc3)c2)cc1",0
"Nc1nc(Nc2cccc(C(F)(F)F)c2)nc(C(F)(F)F)n1",0
"FC(F)(F)c1ccccc1-c1cncnc1Nc1ccccc1",0
"c1cncc(CNc2ccnc(-c3cccnc3)n2)c1",0
"c1ccc2oc(SCc3nc4ccccc4s3)nc2c1",0
"c1ccc(-c2nnc(CSc3nncs3)o2)cc1",0
"c1ccc(CSc2nncn2-c2ccccn2)cc1",0
"c1cncc(-c2nc3cc(Cc4ccc5oc(-c6cccnc6)nc5c4)ccc3o2)c1",0
"c1ccc(CSc2nnc(-c3cccs3)o2)cc1",0
"c1ccc(NCCSc2nc3ccccc3s2)cc1",0
"c1ccc(-c2nc(-c3ccc(-c4ccon4)s3)no2)cc1",0
"Clc1ccc2[nH+]c(CSc3ccccc3)cn2c1",0
"N#Cc1sc(NCc2ccccc2)nc1Cl",0
"Nc1cccnc1-n1nc(C(F)(F)F)cc1C(F)(F)F",0
"c1ccc(Nc2nc3ccccc3n3nnnc23)cc1",0
"Nc1nn(-c2cccc(F)n2)cc1-c1ccccc1",0
"c1ccc(COc2cccc(C[NH2+]Cc3cccnc3)c2)cc1",0
"N#Cc1cccnc1Nc1cccc(Cl)c1",0
"N=c1n(CCc2ccccc2)c2ccccc2n1Cc1ccccc1F",0
"Clc1cccc(Cl)c1CSc1nnc2ccccn12",0
"Fc1ccc(Oc2nccc(-c3ccc(Cl)cc3)n2)cc1",0
"Clc1ccccc1Nc1ncnc(-n2cccc2)n1",0
"c1ccc(Oc2ncnc3oc(-c4ccccc4)cc23)cc1",0
"FC(F)(F)c1ccc(NCc2nnsc2Cl)cc1",0
"Clc1ccc(-c2nc(Cc3ccccc3Cl)no2)cc1",0
"Nc1nnc(CCOc2ccccc2Cl)s1",0
"Clc1ccc2oc(-c3cccnc3)nc2c1",0
"ClCCSc1nnc(-c2cccnc2)o1",0
"Fc1ccc(CSc2nc3ccc[nH]c-3n2)cc1",0
"Fc1ccc(CSc2[nH]cnc3ncnc2-3)cc1",0
"Clc1ccc(Cc2noc(Cc3ccccc3)n2)cc1Cl",0
"Clc1ccccc1-c1nc(-c2cccnc2)no1",0
"c1ccc(-c2ccc(OCCCn3cncn3)cc2)cc1",0
"Fc1ccccc1CSc1nnc(-c2ccccc2)o1",0
"Nn1c(CSc2nc3ccccc3o2)nnc1CSc1nc2ccccc2o1",0
"c1cncc(-c2nccc(-n3ccnc3)n2)c1",0
"N#CCSc1nnc2c(Cl)cc(Cl)cn12",0
"[NH3+]CCc1nnc(SCc2ccc(F)cc2)o1",0
"c1ccc(Oc2nc(NCc3ccco3)nc(NCc3ccco3)n2)cc1",0
"Nc1nnc(Cc2c[nH]c3ccccc23)s1",0
"N#CCCn1c2ccccc2c2nc3ccccc3nc21",0
"c1ccc(NN(Cc2cnccn2)c2ccccc2)cc1",0
"[S-]c1ncnc2sc(Nc3ccccc3)nc12",0
"FC(F)(F)c1ccc(Nc2nnnc3ccccc23)cc1",0
"FC(F)(F)c1c[nH]c2c(-c3ccccc3)nnc-2c1",0
"N#Cc1cnc(NOCc2ccc(Cl)cc2)nc1",0
"Nc1nc(Cl)cc(NCCc2ccccc2)n1",0
"c1ccc(Nc2ccc(-n3ccnc3)nn2)cc1",0
"c1ccc(COc2ccc(C[NH2+]Cc3cccnc3)cc2)cc1",0
"Clc1ccc(Nc2nc3cccnc3s2)cc1",0
"c1ccc(Oc2cc(-n3cncn3)ncn2)cc1",0
"Nc1n[nH]c(SCc2ccc(Cl)c(Cl)c2)n1",0
"N#Cc1cnc2ncnn2c1-c1ccccc1",0
"c1ccc(C(c2ccccc2)c2nc(-c3cccnc3)no2)cc1",0
"Clc1ccc2c(NNc3ccccc3Cl)ccnc2c1",0
"Nc1cc(-c2ccccc2)nn1Cc1ccc(Cl)cc1",0
"Nc1n[nH]c(SCc2ccccc2Cl)n1",0
"Clc1ccc(CSc2nc3cc[nH]cc-3n2)cc1",0
"c1ccc2c(COn3nnc4ccccc43)cccc2c1",0
"c1ccc(CNc2[nH]cnc3ncnc2-3)cc1",0
"Fc1cccc(F)c1CSc1nc2ccccc2[nH]1",0
"Nc1nc(SCc2ccccc2Cl)ns1",0
"c1ccc2c(c1)[nH]c1nc3nncn3nc12",0
"CC[NH+](CC)CC#CC(C)OCOCC#CCOC",0
"FC(F)C(F)(F)C(F)(F)C(F)(F)c1cc(-c2ccccc2)[nH]n1",0
"Nc1ccccc1SCc1cn2ccccc2[nH+]1",0
"c1ccc(Nc2nc3ccccc3n3cnnc23)cc1",0
"Nc1nnc(SCc2cccnc2)s1",0
"Nc1ncnc(Nc2ccccc2C(F)(F)F)n1",0
"c1ccc(COc2ccc(CNn3cnnc3)cc2)cc1",0
"Nc1ccc2oc(CCc3ccccc3)nc2c1",0
"Clc1ccccc1-c1cc(NCc2ccccc2)ncn1",0
"c1ccc(OCCOc2ncnc3sccc23)cc1",0
"Nc1ccc2oc(-c3ccccc3Cl)nc2c1",0
"c1coc(-c2nc3nc4ccccc4n3nc2-c2ccco2)c1",0
"Nc1ccc2oc(-c3cccs3)nc2c1",0
"Nc1ccc2oc(-c3ccccn3)nc2c1",0
"[NH3+]CCSc1nc(-c2ccccc2)c(-c2ccccc2)o1",0
"c1cncc(CNc2ncn[nH]2)c1",0
"c1ccc(-c2nnsc2-c2ncc[nH]2)cc1",0
"c1ccc(CSCc2cn3ccccc3[nH+]2)cc1",0
"Nc1ccc(-c2cn3cccnc3[nH+]2)cc1",0
"[S-]c1nc(Cc2ccc(Cl)cc2)nc2ccccc12",0
"FC(F)c1nnc2c(Cl)cc(C(F)(F)F)cn12",0
"NNc1ccc(Cc2ccc(Cl)cc2Cl)nn1",0
"Nc1ncn(-c2ncc(C(F)(F)F)cc2Cl)n1",0
"Fc1ccc2nc(Nc3ccccc3)sc2c1",0
"c1ccc(C2=N[NH+]=C(c3ccccc3)Nc3cccnc32)cc1",0
"Nc1ncnc(Nc2cccc(Cl)c2Cl)n1",0
"FC(F)(F)c1ccc(Oc2ccccc2Cl)nc1",0
"Fc1ccc(-c2cc(-c3ccccc3)nc(-n3cccn3)n2)cc1",0
"c1cncc(Cc2cc3ccccc3[nH]2)c1",0
"N=c1sccn1Cc1ccc(Cl)cc1Cl",0
"Clc1ccc(Nc2ccc(NCc3ccccc3)nn2)cc1",0
"N#Cc1cc(-c2ccccc2)nc(Oc2ccccc2)n1",0
"Clc1cc(CSc2ccccc2)nc(-c2ccccc2)n1",0
"N#Cc1cc(-c2ccccc2)nnc1Oc1ccccc1",0
"Fc1ccc(CSc2nc3ccccc3[nH]2)cc1",0
"Nc1n[nH]c(SCc2c(Cl)cccc2Cl)n1",0
"Fc1ccc(NCc2cccnc2)cc1F",0
"Clc1cccc(Cl)c1COn1nnc2ccccc21",0
"Clc1ccc(-c2nc(Cc3ccccc3)no2)cc1",0
"FC(F)(F)c1cnc(-n2ccnc2[S-])c(Cl)c1",0
"Nc1nnc(CCOc2ccc(Cl)cc2)s1",0
"c1ccc(CNc2ncnc3[nH]cnc23)cc1",0
"Nc1nnc(SCc2ccccc2Cl)s1",0
"Nc1nonc1-n1nncc1-c1ccccc1",0
"[NH3+]CCc1nnc(SCc2ccccc2)o1",0
"c1ccc(Oc2cc(-n3cccn3)ncn2)cc1",0
"Clc1ccccc1C(Nc1cnccn1)Nc1cnccn1",0
"c1ccc(CN(Cc2ncc[nH]2)c2ccccc2)cc1",0
"Nc1nc2ccc(OC(F)(F)F)cc2s1",0
"Nc1nc2ccc(OC(F)(F)F)cc2s1",0
"FC(F)(F)c1ccc(-c2nnc([S-])o2)nc1",0
"FC(F)(F)c1cccnc1-n1cncn1",0
"N#CC(C#N)c1nc2ccccc2nc1-[n+]1ccccc1",0
"Fc1ccccc1-n1cc(-c2ccccc2)[nH+]c1[S-]",0
"Clc1ncccc1-c1nc2ccccc2s1",0
"FC(F)(F)c1cc(Cl)c2nnc(C(F)(F)Cl)n2c1",0
"Clc1ccc(COn2ccnc2)cc1Cl",0
"Fc1ccccc1-c1nc2ncccc2o1",0
"N#Cc1cccnc1Nc1ccc(Cl)cc1",0
"N#CCc1cc(-c2ccc(Cl)c(Cl)c2)n[nH]1",0
"Clc1ccc(C[NH2+]Cc2cccs2)c(Cl)c1",0
"S=c1sc2ncccc2n1-c1ccccn1",0
"C#CCOc1ccccc1CNc1ccccc1",0
"Clc1ccc(C[NH2+]Cc2cccs2)cc1Cl",0
"Clc1ccc(NNc2ccnc3cc(Cl)ccc23)cc1",0
"Clc1cccc(Oc2cnc3ccccc3n2)c1",0
"c1ccc(NCn2cncn2)nc1",0
"Clc1ccc(OCCCCSc2ncccn2)cc1",0
"Nc1nnc(CSCc2ccc(Cl)cc2)s1",0
"Fc1ccccc1CSc1nc[nH]n1",0
"Nc1nc2ccc(OC(F)(F)F)cc2s1",0
"Nc1nc2ccc(OC(F)(F)F)cc2s1",0
"Nc1nc(SCc2ccc(Cl)cc2)ns1",0
"C(#Cc1ccccc1)Cn1nnc2ccccc21",0
"c1ccc(CNc2ccc3ccccc3n2)nc1",0
"N#Cc1ccccc1CSc1ccccn1",0
"Clc1ccc(SCCn2cncn2)cc1",0
"[S-]c1nc2ccccc2c2nc(-c3ccccc3)nn12",0
"N#Cc1c(N)oc(-c2cccs2)c1-c1cccs1",0
"c1cnc(Oc2ccc3oc4ccccc4c3c2)nc1",0
"Nc1nc2ccc(Oc3ccccc3)cc2s1",0
"N#CCCn1c(Cl)nc2ccccc21",0
"Clc1ccc(COc2ccccn2)c(Cl)c1",0
"Nc1nc2ccc(OC(F)(F)F)cc2s1",0
"Nc1ccc(CCc2nc3ccccc3o2)cc1",0
"c1ccc(C[C@@H](Nc2cccnc2)c2ccccc2)cc1",0
"Clc1ccc(CSCCc2ccncc2)cc1Cl",0
"Nc1ncnc(Nc2ccccc2Cl)n1",0
"Fc1ccc(SCCc2ccccn2)cc1",0
"FC(F)(F)c1cccc(-c2nn[n-]n2)c1",0
"Fc1ccc(Nc2nc3ccccc3s2)cc1",0
"Nc1nc(CCl)nc(Nc2ccccc2)n1",0
"c1ccc(Oc2ncnc3sccc23)cc1",0
"Clc1ccc(-c2c[nH]c3ccccc23)nn1",0
"c1ccc(SCc2cc(-c3ccccc3)no2)cc1",0
"c1ccc(CC(Nc2ccccn2)c2ccccc2)cc1",0
"Clc1ccc(Nc2nc[nH]n2)c(Cl)c1",0
"N#CC(c1ccc(Cl)cc1)c1cccc(Cl)n1",0
"c1coc(-c2ccnc(-n3cccc3)n2)c1",0
"c1ccc(CSc2nc[nH]n2)nc1",0
"[S-]c1nc(SCc2ccccc2)nc2ccccc12",0
"[S-]c1ncnc2sc(-c3ccccc3)cc12",0
"Clc1ncn(CCOc2ccccc2)c1Cl",0
"Fc1ccc(Nc2cccc3nccnc23)cc1",0
"c1ccc(-c2cnc3[nH+]c(-c4ccccc4)cn3n2)cc1",0
"c1ccc(CSc2snnc2-c2ccccc2)cc1",0
"Fc1ccc(NCc2ccccc2F)cc1Cl",0
"FC(F)(F)c1nc(Oc2ccccc2)c2ccccc2n1",0
"Fc1ccccc1CNc1ccc(Cl)c(Cl)c1",0
"N#Cc1c(-c2ccc(F)cc2)noc1N",0
"c1ccc(C(c2c[nH]c3ccccc23)c2c[nH]c3ccccc23)nc1",0
"[S-]c1nccc(-c2cc(Cl)sc2Cl)n1",0
"Nc1nnc(SCc2ccc(Cl)cc2)s1",0
"Clc1ccc(Cn2nnc(-c3ccccc3)n2)cc1",0
"N#Cc1ccc(Oc2cccnc2)cc1C#N",0
"c1ccc(OCCOCCSc2ncccn2)cc1",0
"Nc1nnc(SCc2ccc(F)cc2)s1",0
"Nc1cc(N)nc(SCc2cccnc2)n1",0
"c1ccc(OCc2nc(-c3ccccc3)no2)cc1",0
"c1ccc(CSc2ncnn2Cc2ccccc2)cc1",0
"FC(F)(F)c1ccc(-n2ccnc2)nc1",0
"Nc1nonc1-c1noc(-c2ccccc2)n1",0
"Nc1nnc(CSc2ccc(Cl)cc2)s1",0
"Nc1nonc1OCCc1ccccc1",0
"Nc1[nH+]c(-c2ccc(Cl)cc2Cl)cn1N",0
"c1coc(CNc2nc3nonc3nc2NCc2ccco2)c1",0
"[NH3+]CCSc1nc2ccccc2s1",0
"[NH3+][C@H](Cc1ccccc1)c1nnn[n-]1",0
"Clc1ccc2c(NCCNc3cc[nH+]c4cc(Cl)ccc34)cc[nH+]c2c1",0
"Nc1ncnc(Nc2c(F)cccc2F)n1",0
"c1ccc(Cc2cc[n+](Cc3ccccn3)cc2)cc1",0
"N#Cc1c(-c2ccccc2)cnnc1N",0
"Clc1ccc(Cn2cccn2)cn1",0
"N#CC(c1ccccc1)c1cccc(Cl)n1",0
"c1ccc(OCc2nnc(-c3ccccc3)o2)cc1",0
"Nc1cc(-c2ccccc2)nn1Cc1ccccc1",0
"Nc1nnc(Cc2ccccc2F)s1",0
"Fc1ccc(C[NH2+]Cc2ccccc2C(F)(F)F)cc1",0
"c1ccc(-c2n[nH]c(-c3cccnc3)n2)cc1",0
"c1cncc(-c2nc3ccccc3[nH]2)c1",0
"Fc1cccc(Cl)c1C[NH2+]Cc1ccccc1Cl",0
"N#Cc1c(CCC[NH3+])n[nH]c1N",0
"Clc1ccc(COc2ccccn2)cc1Cl",0
"FC(F)(F)c1cc(-c2cccs2)[nH]n1",0
"Nc1nnc(CCCCc2cccs2)o1",0
"Clc1ccc2oc(-c3ccccc3)nc2c1",0
"Clc1ccc(CSc2nc[nH]n2)cc1",0
"c1ccc(OCc2nc3ccccc3s2)cc1",0
"Nc1nc(SCc2ccccc2)ns1",0
"N#CCCn1ncc2ccccc21",0
"N#CCCn1nnc2ccccc21",0
"c1ccc(-c2nn3nnnc3c3ccccc23)cc1",0
"Nc1ccnn1Cc1cccnc1",0
"c1ccc(CNc2nc3ccccc3[nH]2)cc1",0
"c1ccc(-c2cnn3nnnc3n2)cc1",0
"Nc1nnc(CSCc2ccccc2)s1",0
"Fc1ccc(NCc2cccnc2)cc1",0
"Clc1ccccc1-c1n[nH]c(-c2ccccc2)n1",0
"Fc1cccc(F)c1C(Nc1nncs1)Nc1nncs1",0
"[S-]c1ccc2ccccc2c1C[NH2+]Cc1ccccc1",0
"FC(F)(F)c1ccccc1-n1ccnc1",0
"Nc1nnc(-c2cccc(Cl)c2Cl)c(N)n1",0
"FC(F)(F)c1ccccc1-n1ccnc1",0
"N#Cc1cccnc1Oc1ccccc1",0
"c1ccc(-c2nn3cnnc3c3ccccc23)cc1",0
"Nc1nc(N)c(Cc2ccc(Cl)cc2Cl)c(N)n1",0
"Clc1ncc(CSc2ccccc2)s1",0
"Nc1[nH]nc2nc3ccccc3cc12",0
"Clc1ncc(Cn2cccn2)s1",0
"C#CCSc1ncc(-c2ccccc2)cn1",0
"c1ccc2nc(-c3nccs3)ccc2c1",0
"Fc1ccc(Oc2cnc3ccccc3n2)cc1",0
"Clc1ccccc1C[NH2+]Cc1ccncc1",0
"Clc1ccc(CNc2ccccn2)cc1",0
"Nc1ccc(-c2n[nH]c(-c3ccccc3)n2)cc1",0
"FC(c1nc2ccccc2[nH]1)C(F)(F)F",0
"Nc1cc[nH+]c(Oc2ccc(F)cc2)c1",0
"Nc1ccnn1Cc1cccs1",0
"C1=C(c2ccccc2)Nc2ccccc2N=C1c1ccccc1",0
"NNc1nc2c(Cl)c(Cl)ccc2s1",0
"Nc1ncnc(Nc2ccc(F)cc2)n1",0
"Clc1ccc(Oc2cnc3ccccc3n2)cc1",0
"Clc1ccc(-c2cnc(Oc3ccccc3)nc2)cc1",0
"Nc1n[nH]c(Nc2ccc(Cl)cc2)n1",0
"Clc1ccc(CSCCc2ccncc2)cc1",0
"c1ccc(-c2n[nH]c(-c3ccccn3)n2)cc1",0
"N#Cc1cc(Oc2cccnc2)c(Oc2cccnc2)cc1C#N",0
"c1ccc(CCc2nc(-c3ccccc3)no2)cc1",0
"Nc1nc(-c2ccc(F)cc2)cc(C(F)(F)F)n1",0
"c1coc(C[NH2+]Cc2cccs2)c1",0
"c1ccc(-c2ccn3nnnc3n2)cc1",0
"Nc1nnc2[nH]c3ccccc3nc1-2",0
"Nc1nnc(-c2cccc(Cl)c2Cl)c(N)n1",0
"c1ccc(-c2noc(-c3cccnc3)n2)cc1",0
"Nn1c(Nc2ccccc2)nc2ccccc21",0
"Fc1ccccc1-c1nc(-c2ccccc2)no1",0
"c1ccc2c(CNn3cnnc3)cccc2c1",0
"Nc1nc(-c2ccccc2)cc(C(F)(F)F)n1",0
"N#Cc1cc(N)c(Nc2ccccc2)cc1C#N",0
"Nc1nnc(-c2cccc(Cl)c2Cl)c(N)n1",0
"c1ccc(CCc2cccnc2)nc1",0
"N#Cc1cc(N)ccc1-n1cccc1",0
"Fc1ccccc1-n1cnnc1[S-]",0
"ClCc1ncc(-c2ccc(Cl)cc2)o1",0
"Clc1cccc(NCc2ccccc2)n1",0
"Fc1ccccc1Cc1ccc(Cl)nn1",0
"c1csc(C[NH2+]Cc2ccncc2)c1",0
"Nc1ccc(OCc2ccco2)cc1",0
"Nc1ccn(Cc2ccc(F)cc2)n1",0
"Fc1ccc(Nc2ccc(-c3ccc(F)cc3)nn2)cc1",0
"Clc1ccc(CNc2ccccc2NCc2ccc(Cl)nc2)cn1",0
"c1ccc2c(c1)Nc1nccnc1S2",0
"c1ccc2c(-c3nn[n-]n3)cccc2c1",0
"Fc1ccc(Nc2ccnc(Nc3ccc(F)cc3)n2)cc1",0
"c1cnc2ncc3sccc3c2c1",0
"Clc1ccc(OCc2cnc(Cl)s2)cc1",0
"Clc1ncnc2c1oc1ccccc12",0
"Clc1ccc(Cc2ccc(Cl)nn2)c(Cl)c1",0
"c1ccc(Oc2cc(-c3ccccc3)ncn2)cc1",0
"Fc1ccc(SCCc2ccncc2)cc1",0
"Fc1ccc(SCCc2ccncc2)cc1",0
"Nc1nnc(CC(c2ccccc2)c2ccccc2)s1",0
"[NH3+]CCOc1ccccc1Cc1ccccc1",0
"c1ccc(-c2nc3ccccc3[nH]2)nc1",0
"N#Cc1ccc(C(c2ccc(C#N)cc2)n2cncn2)cc1",0
"c1ccc(COn2nnc3ccccc32)c(COn2nnc3ccccc32)c1",0
"c1ccc(-c2nc(-n3ccnc3)nc(-n3ccnc3)n2)cc1",0
"FC(F)Oc1cccc2cccnc12",0
"N#CCCN(CCC#N)c1nncs1",0
"c1ccc(CSc2nnc(SCc3ccccn3)s2)nc1",0
"C[NH+](C)CC#CCOCCOCCC#N",0
"[S-]c1nnc(-c2cccnc2)o1",0
"c1ccc(-n2nnc3ccccc32)nc1",0
"N=c1c2ccccc2[nH]c(=S)n1N",0
"Clc1cccc(Cl)c1COc1ccccn1",0
"Clc1ccccc1C(Nc1ncccn1)Nc1ncccn1",0
"N1=C(c2nnn[n-]2)NNC(c2nnn[n-]2)=[NH+]1",0
"c1ccc(CCNc2ccccn2)nc1",0
"Nc1n[nH]c(Nc2ccccc2)n1",0
"[NH3+]CCc1nc2ccccc2s1",0
"c1ccc(Nc2nc3ccccc3s2)cc1",0
"Fc1ccc(-c2nc3ccccc3[nH]2)cc1",0
"[S-]c1nc2c(ccc3ccccc32)[nH]1",0
"Clc1nn2cnnc2c2ccccc12",0
"Fc1ccccc1Nc1nc(Cl)nc(Cl)n1",0
"Fc1ccc(Oc2ncccn2)c(F)c1",0
"Nc1cnc(-c2ccccc2)nc1Cl",0
"Clc1ccc(-c2cnc3ccccc3n2)cc1",0
"Clc1cc(Cl)cc(Nc2nc[nH]n2)c1",0
"Clc1ccc(Nc2nc[nH]n2)cc1",0
"Fc1ccccc1CNc1ccc(Cl)cc1",0
"Nc1nc(N)nc(-c2ccc(Oc3ccccc3)cc2)n1",0
"c1ccc(Cc2nc3ccccc3o2)cc1",0
"Nc1[nH+]c(-c2ccc(Cl)cc2)cn1N",0
"c1ccc(NCc2cccnc2)cc1",0
"c1ccc(Cn2nnc(-c3ccccc3)n2)cc1",0
"Nc1nnc(CCc2ccccc2)s1",0
"c1ccc(Cn2ncc3ccccc32)cc1",0
"c1ccc(Cc2nnc(-c3ccccc3)o2)cc1",0
"Clc1ccccc1CSc1ncccn1",0
"N#Cc1ccccc1NCc1ccccc1",0
"Nc1cc(Cl)ccc1Oc1ccccc1",0
"Nc1nnn(Cc2ccccc2)n1",0
"Clc1cccc(Cl)c1COc1ccncc1",0
"[NH3+]CCSCc1ccccc1Cl",0
"c1ccc(CSCCc2ccncc2)cc1",0
"c1ccc(SCCc2ccncc2)cc1",0
"[NH3+]CCc1c[nH]c2ccccc12",0
"[NH3+]CCCCCc1cnc[nH]1",0
"[NH3+]CCc1c[nH]c2ccccc12",0
"Clc1nccc2c1ccc1ccccc12",0
"C#CCCCCCCCCCCCC(O)CC(O)CO",0
"C#CCCCCCCCCCCCC(O)CC(O)CO",0
"Nc1nc2cc(Cl)ccc2o1",0
"[NH3+]CCc1c[nH]c2ccccc12",0
"NNc1nncc2ccccc12",0
"Nc1ccccc1SCc1ccccc1Cl",0
"[S-]c1nccc(-c2ccc(Cl)cc2)n1",0
"c1ccc(Oc2ccc(-c3cc[nH]n3)cc2)cc1",0
"Nc1[nH]nc2cccc(Cl)c12",0
"c1ccc2c(c1)[nH]c1c3ccccc3sc21",0
"Nc1nc2ccc(Cl)cc2s1",0
"Nc1nc(N)nc(COc2ccccc2)n1",0
"Nc1[nH]ncc1-c1ccc(Cl)cc1",0
"Nc1nc(Cl)cc(-c2ccccc2)n1",0
"Nc1ccnn1Cc1ccncc1",0
"Nc1ccn(Cc2ccccc2)n1",0
"c1ccc2nc3cc4[nH]cnc4cc3nc2c1",0
"Clc1cccc(Oc2ncccn2)c1",0
"NNc1nc2c(Cl)ccc(Cl)c2s1",0
"NC1=[NH+]c2ccccc2Oc2ccccc21",0
"c1ccc(CSCCc2ccncc2)cc1",0
"c1ccc(SCCc2ccncc2)cc1",0
"c1ccc(-c2noc(-c3ccccc3-c3ccccc3)n2)cc1",0
"c1ccc2oc(Cc3ccc(Cc4nc5ccccc5o4)cc3)nc2c1",0
"[NH3+]CCc1c[nH]c2ccccc12",0
"Nc1nc2cc(Cl)ccc2o1",0
"Clc1ccc(CSc2ncccn2)cc1",0
"Fc1ccc(-c2nnc(Cc3nnc(-c4ccc(F)cc4)o3)o2)cc1",0
"Nc1cc(N)nc(SCc2ccccc2)n1",0
"N#CCSc1nnc(N)s1",0
"c1csc(-c2nn[n-]n2)c1",0
"c1ccc2c(-n3cccn3)cccc2c1",0
"c1cncc(-c2cc(-c3cc(-c4cccnc4)[nH]n3)n[nH]2)c1",0
"Nc1ncnc2[nH]c(Cl)nc12",0
"c1cc(Cc2cnc[nH]2)ccn1",0
"Clc1ccc(Nc2ccccc2)nn1",0
"Nc1nc(-c2ccccc2)c(-c2ccccc2)o1",0
"S=P(Nn1cnnc1)(c1ccccc1)c1ccccc1",0
"Nc1[nH]ncc1-c1ccc(F)cc1",0
"c1ccc(NCc2ccccn2)cc1",0
"c1ccc(Oc2ccc3ccccc3n2)cc1",0
"c1ccc(C[n+]2cccc(-c3ccccc3)c2)cc1",0
"c1ccc(Oc2cnc3ccccc3n2)cc1",0
"Clc1nc(Cl)nc(Nc2ccccc2Cl)n1",0
"Nc1nnc(-c2ccc(Cl)cc2)s1",0
"Nc1nnc(-c2ccc(F)cc2)s1",0
"Nc1[nH]nc(-c2ccccc2)c1-c1ccccc1",0
"c1ccc2[nH]c3c4ccccc4nc-3nc2c1",0
"c1ccc(Nc2nn[n-]n2)cc1",0
"Clc1n[nH]c(-c2[nH]nnc2Cl)n1",0
"[S-]c1nc2ncccc2o1",0
"Nc1n[nH]c(-c2ccc(F)cc2)n1",0
"Nc1nc(N)c2nc[nH]c2n1",0
"Clc1nc2ncnc-2c[nH]1",0
"Nc1c(Cl)c[nH+]c(C(Cl)(Cl)Cl)c1Cl",0
"Nc1nc(-c2nonc2N)no1",0
"Nc1nc2c(Cl)ccc(Cl)c2s1",0
"Nc1[nH]ncc1-c1ccccc1",0
"Nc1nonc1OCCOCCOCCOc1nonc1N",0
"NNc1nc(-c2ccccc2)cc(-c2ccccc2)n1",0
"c1ccc(-c2nnnc3ccccc23)cc1",0
"[NH3+]Cc1ccccc1COc1ccccc1",0
"Nc1ccc(OCc2ccccc2)cc1",0
"c1csc(-n2nc3ccccc3n2)c1",0
"c1ccc(-c2cc(-c3cc(-c4ccccn4)[nH]n3)n[nH]2)nc1",0
"[NH3+]CCSC(c1ccccc1)c1ccccc1",0
"Nc1ccccc1SCc1ccccc1",0
"Nc1c(Cl)nc(-c2ccccc2)nc1Cl",0
"NNc1nc(Nc2ccccc2)nc(Nc2ccccc2)n1",0
"c1ccc2c(c1)ccc1ncccc12",0
"c1ccc(-c2cc(-c3ccccc3)on2)cc1",0
"Nc1nonc1OCCCCOc1nonc1N",0
"Nc1ccccc1Oc1c(F)c(F)c(Oc2ccccc2N)c(F)c1F",0
"N=c1n(Cc2ccccc2)c2ccccc2n1Cc1ccccc1",0
"C#CC[N+](C)(C)CCCCCCCC",0
"C#CC[N+](C)(C)CCCCCCCCCC",0
"Nc1ccc(C2(c3ccc(N)cc3)c3ccccc3-c3ccccc32)cc1",0
"Clc1nc(Nc2ccccc2)nc(Nc2ccccc2)n1",0
"C#CC[N+](C)(C)CCCCCCCCC",0
"N#CCP(=S)(c1ccccc1)c1ccccc1",0
"c1ccc2c(c1)ccc1ncccc12",0
"Nc1nnc(-c2ccccc2)s1",0
"c1ccc(CSc2ncccn2)cc1",0
"c1nc(SCCCCSc2nc[nH]n2)n[nH]1",0
"Nc1ccc(Nc2ccccc2N)cc1",0
"Nc1ccc2ncccc2c1N",0
"Nc1cc(N)c(OCC(F)(F)F)cc1OCC(F)(F)F",0
"c1ccc(-c2nc[nH]c2-c2ccccc2)cc1",0
"Fc1ccc(-c2c[nH]cn2)cc1",0
"CC(C)(C#N)Nn1cnnc1",0
"c1ccc2oc(CCc3nc4ccccc4o3)nc2c1",0
"[NH3+]CCSCCc1ccccc1",0
"c1ccc2c(Cc3c[nH]c4ccccc34)c[nH]c2c1",0
"c1ccc2c(Cc3c[nH]c4ccccc34)c[nH]c2c1",0
"c1ccc2c(Cc3c[nH]c4ccccc34)c[nH]c2c1",0
"c1ccc2c(Cc3c[nH]c4ccccc34)c[nH]c2c1",0
"N#CCCCC[NH+]1CCCC1",0
"Clc1ccc(-c2cc[nH]n2)cc1",0
"c1ccc(Cc2cc[n+](Cc3ccccc3)cc2)cc1",0
"c1ccc(C(c2ccccn2)c2ccccn2)cc1",0
"CC1CCCC(/C=N/c2ccc(O)cc2)=C1O",1
"O=C(/C=C/c1cccc(Br)c1)NCC1CCCCC1",1
"CC1CCc2c(sc(N)c2C(=O)OC(C)C)C1",1
"Cc1ccc2occ(C3[NH2+][C@H](C(=O)[O-])CS3)c(=O)c2c1",1
"COc1ccc(CCCC(=O)NC2CCCCC2C)c(C)c1",1
"COc1ccccc1/C=N/N1C(=O)C2C3C=CC(CC3)C2C1=O",1
"CCOC(=O)C1CCCN(S(=O)(=O)c2ccc(NC(C)=O)cc2)C1",1
"Cc1cc(C=O)c(C)n1C1CC1",1
"CCOC(=O)C1=C(CBr)NC(=O)NC1C",1
"CC1CC(C)CN(C(=O)/C=C/c2ccc([N+](=O)[O-])s2)C1",1
"CC1CCCC(NC(=O)CCC(=O)c2ccc(F)cc2)C1C",1
"CCOC(=O)C1CCCN(S(=O)(=O)c2ccc(C)cc2)C1",1
"C=C1C(=O)O[C@H]2[C@H]1CC/C(C)=C\CC[C@@]1(C)O[C@H]21",1
"C=C1C(=O)O[C@H]2[C@H]1CC/C(C)=C/CC[C@@]1(C)O[C@H]21",1
"CCOC(=O)c1c(N)sc2c1CCC1C(=O)N(C3CCCCC3)C(=O)C21",1
"COc1ccccc1C(=O)O/N=C(/C)c1ccc(N2C(=O)C3CCCCC3C2=O)cc1",1
"CC(=O)Nc1ccc(N2C(=O)CC([NH+]3CC(C)OC(C)C3)C2=O)cc1",1
"CC1=C(C)CC(C(=O)N2CC[NH+](Cc3ccccc3)CC2)C(C(=O)[O-])C1",1
"Cc1ccc(C2CC2C(=O)NNC(=S)Nc2cccc(C)c2)cc1",1
"Cc1ccc(NC(=O)/C=C\C(=O)NCC(=O)[O-])cc1C",1
"Cc1ccccc1N1CCN(c2ccc(NC(=O)/C=C\C(=O)[O-])cc2)CC1",1
"COc1ccc(/C=N/N2C(=O)C3C4C=CC(CC4)C3C2=O)c(OC)c1",1
"CCN(CC)C(=O)C1=C(C)[NH+]=C(S)NC1c1ccc(C)s1",1
"CCOC(=O)C1CCCN(S(=O)(=O)c2ccc(Br)c(OC)c2)C1",1
"Cc1n[nH]c(SCC(=O)N2CCC(C)CC2)c1[N+](=O)[O-]",1
"Cc1ccc(N2C(=O)CC(Sc3ccccc3C(=O)[O-])C2=O)cc1",1
"CC(C)C(/N=C/C1=C([O-])OC(C)(C)OC1=O)C(=O)[O-]",1
"Cc1ccc(S(=O)(=O)CCC(=O)[O-])cc1C",1
"COc1ccc(C(=O)[C@H](Br)[C@H](Br)C(=O)[O-])cc1",1
"CCOC(=O)C1CCCN(S(=O)(=O)c2ccc(OC)cc2)C1",1
"CCOC(=O)c1c(NC(=O)CCC(=O)[O-])sc2c1CCCCC2",1
"CC1CCCC(NC(=O)COC(=O)CC2CCCC2)C1C",1
"Cc1ccc(C(=O)c2no[n+]([O-])c2C(=O)c2ccc(C)cc2)cc1",1
"CC1CCN(c2ccc(C=O)o2)CC1",1
"Cc1cc(C)cc(NS(=O)(=O)c2ccc3ncc(C(=O)N4CCc5ccccc54)c(O)c3c2)c1",1
"CCOC(=O)N1CCC([NH+]2CCN(S(=O)(=O)c3ccc(Cl)cc3)CC2)CC1",1
"CC1CCCC(NC(=O)COC(=O)COc2ccc(Cl)cc2)C1C",1
"CC(=O)N1CCC(=NNS(=O)(=O)c2ccc(C)c([N+](=O)[O-])c2)CC1",1
"O=C(/C=C/c1ccc(O)c(O)c1)OC1C[C@](O)(C(=O)[O-])C[C@@H](O)[C@H]1O",1
"Cc1ccc2nc(C)c(C(=O)NN=C3CC[NH+](C)CC3)n2c1",1
"C/C(=N\NC(=O)c1ccccc1-n1cccc1)C1CC1",1
"O=C(/C=C/c1ccccc1[N+](=O)[O-])NC1CCCC1",1
"CC1CC[NH+](CC(=O)c2ccc3c(c2)OCCO3)CC1",1
"COC(=O)C1C(=O)C2=C(CC1C)N=C(C)/C(=C(/O)OC1CCCCC1)C2c1ccc(N(C)C)cc1",1
"Cc1cccc(NC(=O)c2cc(NC(=O)C3CCCCC3C(=O)[O-])ccc2N2CCCCC2)c1",1
"CC(=O)N1CCCc2cc(S(=O)(=O)NC(C(=O)NC3CCCCC3)C(C)C)ccc21",1
"Cc1onc(-c2c(F)cccc2Cl)c1C(=O)NC(=S)NC1CCSC1=O",1
"Cc1sc2ncnc(SCC(=O)N3CCCC3=O)c2c1C",1
"Cc1nccc2nc(O)c(C(=O)NC3CCCCC3C)cc12",1
"CCCC(C)NC(=O)c1ccc2[nH]c3c(c2c1)CC(C)CC3",1
"CCCCn1c([S-])nnc1-c1csc2c1CCC(C)C2",1
"Cc1ccc(N2C(=O)CC(Sc3ccccc3C(=O)[O-])C2=O)cc1C",1
"Cc1ccn2c(C(=O)NN=C3CC[NH+](C)CC3)c(C)nc2c1",1
"CC1CCN(C(=O)c2ccc3c(Cl)c4c(nc3c2)CCCC4)CC1",1
"CC[NH+]1CCC(=NNC(=O)CC23CC4CC(CC(C4)C2)C3)CC1",1
"CCOC(=O)COc1ccccc1/C=C\[N+](=O)[O-]",1
"COc1cccc(=O)c2c(C)n(-c3ccc(C(=O)[O-])cc3)c(C)c12",1
"Cc1ccc(NC(=O)CNC2CCS(=O)(=O)C2)cc1C",1
"CC(=O)c1ccc(NC(=S)NNC(=O)NC2CCCCC2)cc1",1
"CC1=NN(c2ccc(C(=O)[O-])cc2)C(=O)/C1=C\c1ccc(OC(=O)c2cccs2)cc1",1
"C/C(Cc1ccccc1)=N\NC(=O)CCCCCC(=O)N/N=C(\C)Cc1ccccc1",1
"O=C([O-])c1ccc(N2Cc3ccccc3C2)cc1O",1
"Cc1ccc(S(=O)(=O)CC(=O)c2cc(C)c(O)c(C)c2)cc1",1
"CC1=C(C(=O)Nc2cc(C)ccc2C)C(c2cccs2)NC(S)=[NH+]1",1
"O=C([O-])CC/C(=N/NC(=O)c1cn(-c2ccccc2)nc1-c1ccccc1)C(=O)[O-]",1
"CC(=O)Oc1ccc(N2C(=O)C3C(C2=O)C2C=CC3C23CC3)cc1[N+](=O)[O-]",1
"COc1cc(/C=C/[N+](=O)[O-])ccc1OCc1cccc(C(=O)[O-])c1",1
"CC1CCCC(NS(=O)(=O)c2ccc3c(c2)OCCO3)C1C",1
"Cc1cc(C(=O)OCC(=O)N2CC(C)CC(C)C2)c(C)o1",1
"CC1CC[NH+](CCC(=O)N2CCCc3c2c(=O)oc2ccc(O)cc32)CC1",1
"CC(=O)Oc1cccc(N2C(=O)C3C(C2=O)C2C=CC3C23CC3)c1",1
"CCOC(=O)c1c(C)oc2c1c1c(c3ccccc32)OC[NH+](CCCC(=O)[O-])C1",1
"COCCCNC(=O)CN(C1CCCCC1)S(=O)(=O)c1ccc(C)cc1",1
"CC(C)Sc1nnc(NC(=O)C2CC2)s1",1
"CC(=O)c1cccc(NC(=O)C2CCCCC2)c1",1
"CCOC(=O)CN(C#N)c1nc(N(C)C)nc(N(C)C)n1",1
"CC1CCC(NC(=O)N(CCCl)N=O)CC1",1
"COC(=O)c1cc(S(=O)(=O)N2CCC(C)CC2)ccc1F",1
"COC(=O)c1cccc(NC(=O)C2C3CCC(C3)C2C(=O)[O-])c1",1
"CC(=O)c1nc(N2C(=O)C3CC=C(C)CC3C2=O)sc1C",1
"CCCCN(CCCC)C(=O)/C=C/c1cccc([N+](=O)[O-])c1",1
"CC1CCCN(C(=O)CCl)C1",1
"CC(=O)C1=C(C)NC(SCC(=O)c2ccccc2)=C(C#N)C1CC(C)C",1
"CCCCC(=O)Nc1sc2c(c1C(=O)OCC)CCC(C=O)=C2Cl",1
"CC1=C(C(=O)OC2CCCC2)C(c2ccc(C)o2)C2=C(O)CC(c3cccs3)CC2=N1",1
"COC(=O)C1=C(COc2ccc(C=O)cc2OC)NC(=O)NC1c1cc(C)ccc1C",1
"CCOC(=O)C1=C(C)NC(=S)NC1c1cccc(O)c1",1
"CCOC(=O)c1c(NC=C2C(=O)CC(C)(C)CC2=O)sc(C)c1C",1
"Cc1ccccc1Oc1ccc(NC(=O)C2CC=CCC2C(=O)[O-])cc1",1
"CCC(Oc1ccccc1)C(=O)NC1CCSC1=O",1
"Cc1cc(C=C2C(=O)c3ccccc3C2=O)c(C)n1-c1ccc(C(=O)[O-])cc1",1
"Cc1ccc(C(=O)/C=C\C(=O)c2ccc(C)cc2)cc1",1
"CSCCC(NS(=O)(=O)/C=C/c1ccccc1)C(=O)N1CCC(C)CC1",1
"C/C(=C\c1ccco1)C1Nc2cccc3cccc(c23)N1",1
"CC(=O)Oc1ccc(N2C(=O)C3C4C=CC(O4)C3C2=O)cc1",1
"Cc1nn(-c2ccccc2)c2sc(C(=O)N3CCCCC3)cc12",1
"CC(=O)c1cc(C#N)c(SCC(=O)OC(C)(C)C)nc1C",1
"COC(=O)N(c1ccc(OC)cc1)P1(=S)OCCC(C)O1",1
"CCCN(CCC)S(=O)(=O)c1ccc2c(c1)CCCN2C(C)=O",1
"C=CC[NH+]=C1SC(CC)C(=O)N1S(=O)(=O)c1ccc(C)cc1",1
"COC1=CC(=O)O[C@@H](/C=C/c2ccc3c(c2)OCO3)C1",1
"CC(C)(C)C1CCC(=NNC(=O)c2ccccc2-n2cccc2)CC1",1
"COc1cc(C(=O)N/N=C/C2CC=CCC2)cc(OC)c1OC",1
"Cc1nn(-c2ccccc2)c(Cl)c1C(=O)Nc1nnc(C2CCCCC2)s1",1
"CCOC(=O)c1c(O)[nH+]c2ccccc2c1NCC1CCCO1",1
"C/C(CC(=O)N1CCN(C=O)CC1)=N\NC(=O)c1cccc([N+](=O)[O-])c1",1
"CCN(C(=O)COC(=O)/C=C/c1ccc(S(=O)(=O)N2CCc3ccccc32)cc1)C1CCS(=O)(=O)C1",1
"O=Cc1ccc(C(=O)[O-])cc1",1
"C/C=C\C1=C(CO)C(=O)[C@@H]2O[C@@H]2C1=O",1
"COC(=O)c1cc(NC(=O)C2CC=CCC2C(=O)[O-])cc(C(=O)OC)c1",1
"O=C([O-])CCC(=O)N1CCN(c2cccc(Cl)c2)CC1",1
"Cc1ccc(/N=C/c2cc(C)n(C3CCCC3)c2C)cc1",1
"O=C(/C=C/c1ccccc1)c1cc(Br)ccc(=O)c1[O-]",1
"Cc1ccc(NC(=O)N/C=C/c2ccco2)cc1",1
"CC(=O)c1cccc(S(=O)(=O)NC2CCCCCC2)c1",1
"Cc1onc(C(=O)N2CCOCC2)c1[N+](=O)[O-]",1
"O=C([O-])/C=C\C(=O)Nc1ccc(N2CCN(c3ccc(F)cc3)CC2)cc1",1
"O=C([O-])/C=C\C(=O)Nc1ccc(N2CCN(c3ccc(Cl)cc3)CC2)cc1",1
"Cc1ccc(NC(=O)c2csc3c2CCCC3)cc1",1
"CCOC(=O)c1sc(NC(=O)C2CC=CCC2C(=O)[O-])nc1C",1
"C[C@H]1CCCC(=O)CCC/C=C/c2cc(O)cc([O-])c2C(=O)O1",1
"CCOC(=O)c1c(/N=C/[C-]2C(=O)CC(C)(C)CC2=O)sc(C)c1C",1
"CC(=O)c1sc(N/N=C\c2cccc(Br)c2)nc1C",1
"CCN(CC)C(=O)C1CCCN(c2ccccc2[N+](=O)[O-])C1",1
"CCCCNC(=O)C1CCC(CNS(=O)(=O)c2ccc(C)cc2)CC1",1
"CN(C)S(=O)(=O)c1ccc(C(=O)NC2CCCc3ccccc32)cc1",1
"CCCn1c2c(c([O-])c(C(=O)Nc3ncccc3O)c1=O)CCCC2",1
"COc1ccc(C2C(C(=O)NCc3ccco3)CCC(=O)N2c2ccc(OC)cc2)cc1",1
"C[NH+]1CCN(c2ccc([N+](=O)[O-])cc2/C=N/NC(=O)c2cccc([N+](=O)[O-])c2)CC1",1
"CCOC(=O)C1C(=O)C=C(c2ccc(C)cc2)CC1c1cccc([N+](=O)[O-])c1",1
"COC(=O)c1ccccc1-c1ccc(C2NC(=S)N=C(C)/C2=C(/O)OC)o1",1
"CCCn1c(N)c(-c2nc(C3CC3)c(C(=O)c3ccc(C(C)CC)cc3)s2)c(=O)n(C)c1=O",1
"Cc1cc(C)c(C#N)c(SCC(=O)N(C)C2CCCCC2)n1",1
"CCOc1ccc(NC(=O)C2CCC(N3C(=O)C4CC=CCC4C3=O)CC2)cc1",1
"Cc1noc(/C=C/[NH+](C)C)c1S(=O)(=O)N1CCCC(C(=O)NC(C)c2ccccc2)C1",1
"CCOCCCNS(=O)(=O)c1cc(Br)cc2c1N(C(=O)C1CC1)CC2",1
"Cc1cc(O)c(C(=O)c2ccccc2C(=O)[O-])cc1C",1
"CC/N=c1/ccc(Br)cc(C(=O)/C=C/c2c(Cl)cccc2Cl)c1O",1
"Cc1cc(N2CCC(C)CC2)nc(SCC(=O)c2ccccc2)n1",1
"COc1ccc(C(=O)C2CCN(C(=O)c3ccc(C)cc3)CC2)cc1",1
"CC(=O)N1CCC(=NNS(=O)(=O)c2cccc([N+](=O)[O-])c2)CC1",1
"Cc1ccc(C(=O)N/N=C/c2cc(C)n(-c3ccc(Br)cc3)c2C)cc1[N+](=O)[O-]",1
"Cc1c(Br)ccc(NC(=O)CCN2C(=O)C3C4CCC(C4)C3C2=O)c1C",1
"COc1ccc(NC(=O)c2cc3c(s2)CCC(C)C3)cc1S(=O)(=O)N1CCOCC1",1
"Cc1ccc(C(=O)NC(=S)NCC2CCCO2)cc1Br",1
"C/C(CC(=O)NC(C)(C)C)=N\NC(=O)COc1ccc(C)cc1Br",1
"CC(=O)C(=NNc1cc(C)ccc1O)C(C)=O",1
"CCCN1C(=O)C(O)(C2COC(C)(C)CC2=O)c2ccccc21",1
"COc1ccc(/C=N/NC(=O)CNc2c(Br)cc(C)cc2Br)c(C(=O)[O-])c1OC",1
"CC1CCC[NH+](CC(=O)c2ccc(Cl)c(Cl)c2)C1",1
"CC(C)C[C@@H]1NC(=O)[C@H](C(C)C)NC(=O)c2cc([N+](=O)[O-])cc(I)c2NCC[C@@H](C(N)=O)NC1=O",1
"Cn1cnnc1SCC(=O)N1N=C2/C(=C/c3ccco3)CCCC2C1c1ccco1",1
"COc1cc(/C=N/NC(=O)c2sc(N)c(C#N)c2C)cc(Br)c1O",1
"C/C(Cn1nc([N+](=O)[O-])cc1C)=N\NC(=O)COc1ccccc1[N+](=O)[O-]",1
"Cc1nn(-c2ccccc2)c(Cl)c1/C=N/NC(=O)C1COc2ccccc2O1",1
"Cc1ccc(-n2nnnc2SCC(=O)NC2CCCc3ccccc32)cc1",1
"COc1ccc(CN2C(=O)c3c(c(C)n(C)c3C)C2C(=O)NC2CCC(C)CC2)cc1",1
"Cc1c(C(=O)N2CCCCC2C)sc2ncnc(N3CCc4ccccc4C3)c12",1
"CC(C)c1ccc(CN(C(=O)/C=C/c2ccco2)C2CCS(=O)(=O)C2)cc1",1
"CC(=O)c1cccc(NC(=O)N2CCCC2C(=O)Nc2c(C)cccc2C)c1",1
"CNc1ccc(Br)cc(C(=O)/C=C/c2cccc(OC)c2)c1=O",1
"Cc1ccc(C2CC2C(=O)NNC(=S)Nc2cccc(Cl)c2)cc1",1
"CCOC(=O)c1sc(NC(=O)C2C3C=CC(C3)C2C(=O)[O-])nc1C",1
"COc1ccc(C(=O)ON=C2CCN(c3ccc([N+](=O)[O-])cc3)CC2)cc1",1
"C=CCOC(=O)C1=C(C)[NH+]=C(S)NC1/C=C/c1ccccc1",1
"CN(C)c1ccc(N2C(=O)CC(Sc3ccccc3C(=O)[O-])C2=O)cc1",1
"CCN(CC)S(=O)(=O)c1ccc(C)c(NC(=S)NNC(=O)C2CC2)c1",1
"CCCN1C(=O)/C(=C/c2ccc(OCC(=O)OCC)cc2)NC1=S",1
"CC1=C(C(=O)Nc2ccccc2F)C(c2cccs2)NC(S)=[NH+]1",1
"COc1ccc(N2C(=O)C3CCCCC3C2=O)cc1NC(=O)c1ccccc1",1
"Cc1ccc(C(=O)N2CCC(Cc3ccccc3)CC2)cc1[N+](=O)[O-]",1
"COc1ccc(CNC(=O)C/C(C)=N/NC(=O)C23CC4CC(CC(C4)C2)C3)cc1",1
"C/C(=N\c1cc(C(=O)c2ccccc2)ccc1N)C1=C([O-])CC(C)(C)CC1=O",1
"CC(C)(C)c1ccc(OCC(=O)N/N=C/C2CC=CCC2)cc1",1
"Cc1ccc(C)n1-c1sc2c(c1C#N)CCC(C)C2",1
"Cc1ccc(S(=O)(=O)N=C(c2ccc(F)cc2)N2CCCCC2)cc1",1
"Cc1ccc(/C=C2/C(=O)c3ccc(C(=O)[O-])cc3C2=O)o1",1
"C/C(=N/NC(=O)c1cc(O)c(O)c(O)c1)c1ccc([N+](=O)[O-])cc1",1
"C[C@@H]1CC[C@H]2[C@@H](C)C(=O)O[C@@H]3O[C@@]4(C)CC[C@@H]1[C@]32OO4",1
"CC(=O)C(=Cc1ccc(O)cc1)C(C)=O",1
"CC1CCCC(NC(=O)COC(=O)c2cc(S(=O)(=O)N3CCCCC3)ccc2N2CCOCC2)C1C",1
"CS(=O)(=O)c1ccc(Cn2c3c(c4cc(F)cc(F)c42)CCC[C@H]3CC(=O)[O-])cc1",1
"CCOC(=O)c1ccc(N2C(=O)CC([NH+]3CCC(O)(c4ccc(Br)cc4)CC3)C2=O)cc1",1
"Cc1ccc(S(=O)(=O)N2CC[NH+](CC(=O)NC3CCCc4ccccc43)CC2)cc1C",1
"CCN1C(=O)C(O)(C2COC(C)(C)CC2=O)c2cc(Br)ccc21",1
"CCOC(=O)N1CCN(C(=O)CN(C2CCCCC2)S(=O)(=O)c2ccc(C)cc2)CC1",1
"CCOc1ccccc1/N=C/C1=C([O-])OC2(CCCCC2)OC1=O",1
"COc1ccc(CNC(=O)C2=C(C)C(=O)OC23CCC(C)CC3)cc1",1
"O=C(/C=C/c1ccc(Cl)cc1)N(Cc1ccccc1)C1CCS(=O)(=O)C1",1
"O=C(/C=C/c1ccccc1Cl)N(Cc1ccccc1)C1CCS(=O)(=O)C1",1
"O=C([O-])c1cc(N/N=C/c2ccc(N3CCOCC3)s2)ccc1Cl",1
"Cc1ccc2[nH]c(C(=O)NN=C3CCCCC3)c(-c3ccccc3)c2c1",1
"Cc1cc(C(=O)N/N=C/C=C/c2ccccc2[N+](=O)[O-])c(C)o1",1
"Cc1cc2cc(CNC(=O)CCC(=O)[O-])ccc2[nH]1",1
"CC(=O)Oc1cccc(N2C(=O)C3C4C=CC(C4=C(C)C)C3C2=O)c1",1
"CCc1ccc(C(=O)/C=C/c2ccc([N+](=O)[O-])o2)cc1",1
"COC(=O)C1=C(C)C(c2ccc(OC)cc2)NC(S)=[NH+]1",1
"C/C(=N\NC(=S)NC1CCCCC1)c1ccc(C)o1",1
"COc1cc(/C=C/C(=O)CC(=O)/C=C/c2ccc(O)c(OC)c2)ccc1O",1
"Cc1ccc(N2C(=O)CC(N([O-])C3CC(=O)N(c4ccc(C)cc4)C3=O)C2=O)cc1",1
"O=C(CN1C(=O)CCC1=O)Nc1ccc(Br)cc1",1
"Cc1c(/C=C2\CCC/C(=C\c3cnn(C)c3C)C2=O)cnn1C",1
"CCN(CC)C(=O)C1CCCN(c2ccc([N+](=O)[O-])cc2/C=N/NC(=O)c2cccc(O)c2)C1",1
"Cc1ccc(S(=O)(=O)NCC(=O)N(CC(=O)NC2CCCCC2)Cc2ccco2)cc1",1
"Cc1cccc(NC(=O)c2cc(NC(=O)C3CC=CCC3C(=O)[O-])ccc2N2CCOCC2)c1",1
"CCOc1ccc(-n2c(N)c(C(=O)NCC3CCCO3)sc2=S)cc1",1
"Cc1cc(C)n(-c2cc(N3CCN(C(=O)c4cccc(F)c4)CC3)ccc2[N+](=O)[O-])n1",1
"Cc1ccc(NC(=O)c2ccc(NCC3CCCO3)c([N+](=O)[O-])c2)cc1Cl",1
"CCOC(=O)C1=C(c2ccccc2)[NH+]=C(S)NC1c1ccc(Cl)c([N+](=O)[O-])c1",1
"[NH3+][C@H]1[C@@H](C(=O)[O-])[C@H]2C=C[C@H]1C2",1
"CCOC(=O)C1CCCN(c2nnnn2-c2ccccc2)C1",1
"COc1ccc(S(=O)(=O)n2nc(OC(=O)C3CCCCC3)cc2N)cc1",1
"Cc1ccc(S(=O)(=O)N2CCCC2C(=O)OCc2ccco2)cc1",1
"CCOC(=O)c1c(N2C(=O)C3C4C=CC(O4)C3C2=O)sc2c1CCCC2",1
"CC1CCCN(C(=O)c2sc3cc([N+](=O)[O-])ccc3c2Cl)C1",1
"COc1cc(/C=N/NC(=S)Nc2cccc(C(=O)[O-])c2)cc(OC)c1OC",1
"CCOC(=O)C1=C(C)C(c2cccc(Oc3ccccc3)c2)NC(S)=[NH+]1",1
"COc1ccc(C(=O)Nc2sc3c(c2C(=O)[O-])CC(C)(C)OC3)cc1",1
"COc1ccc(C(=O)C2CCC[NH+](C3CSCCSC3)C2)c(OC)c1",1
"Cc1ccc(S(=O)(=O)NCC2CCC(C(=O)NCc3cccs3)CC2)cc1",1
"CC1(C)CC(=O)C(=CNc2cc(/N=C/C3=C([O-])CC(C)(C)CC3=O)ccc2O)C(=O)C1",1
"Cc1cc(C2C(=O)[CH-]C(=O)CC2c2ccccc2)on1",1
"CC(=O)C1C(=O)C=C(c2ccco2)CC1c1ccccc1",1
"O=C([O-])CSC1CC(=O)N(c2cccc(Cl)c2)C1=O",1
"CC(C)(C)NC(=O)c1ccc2c(c1)C(=O)N(C1CCCCC1)C2=O",1
"C[C@]12CN3C[C@](C)(C[NH+](C1)[C@H]3c1cc(Br)ccc1O)C2=O",1
"CCOC(=O)c1ccc2c(c1)C(=O)N(C1CCCCC1)C2=O",1
"CC(C)C[C@@H](NC(=O)OCC1c2ccccc2-c2ccccc21)C(=O)[O-]",1
"COC(=O)C1=C(C)N(Cc2ccccc2)C(=O)N[C@H]1c1ccccc1",1
"O=C1/C(=C/c2ccc(N3CCCC3)cc2)NC(=S)N1C1CC1",1
"CN(C)c1ccc(/C=N\NC(=O)c2csnn2)cc1",1
"COc1cccc(/C=N/Nc2ccc(S(=O)(=O)[O-])cc2)c1O",1
"CC(C)CC(NC(=O)OCC1c2ccccc2-c2ccccc21)C(=O)[O-]",1
"CO/C(O)=C1\C(C)=NC2=C(C(=O)c3ccccc32)C1c1ccc(-c2ccc(C(=O)[O-])cc2)o1",1
"Cc1ccccc1-n1c(C)cc(/C=C(\C#N)C(=O)NCC2CCCO2)c1C",1
"O=C1C2C3C=CC(C3=C3CCCCC3)C2C(=O)N1c1ccccc1",1
"Cc1ccc(-n2c(N)c(C(N)=O)sc2=S)cc1",1
"Cc1cc(C(C)(C)C)cc(S(=O)(=O)NCC(=O)[O-])c1C",1
"COC(=O)c1c(-c2ccco2)csc1NC(=O)C1CC=CCC1C(=O)[O-]",1
"CCOC(=O)c1c(NC(=O)C2CCCO2)sc(C(=O)OC(C)(C)C)c1C",1
"CCOC(=O)c1[nH]nc(-c2cc(CC)c(O)cc2O)c1-c1cscn1",1
"C/C(Cn1nc([N+](=O)[O-])cc1C)=N\NC(=O)c1ccccc1Cl",1
"CC(=O)O[C@H]1[C@@]2(O)OC(=O)C(C)=C2[C@H]2OC(=O)[C@@]3(CC[C@@H]4O[C@@]41C)O[C@@H]23",1
"Cc1ccc(CCNC(=O)C2CCN(S(=O)(=O)N3CCCC3)CC2)cc1",1
"Nc1sc2c(c1C(=O)NC1CCS(=O)(=O)C1)CCCC2",1
"CCN(CC)C(=O)CN(c1ccc(C)cc1)S(=O)(=O)c1ccc(SC)cc1",1
"COC(=O)c1c(NC(=O)C2CCCO2)sc2c1CCC2",1
"O=C(c1cccc(F)c1)N1CCC([NH+]2CCOCC2)CC1",1
"Cc1nnn(C23CC4CC(CC(C(=O)NN)(C4)C2)C3)n1",1
"Cc1c(/N=C/c2ccc(O)c(Br)c2)cccc1[N+](=O)[O-]",1
"Cc1cccc(N2CCN(C(=S)c3ccc([N+](=O)[O-])cc3)CC2)c1",1
"CC(=O)c1ccc(NC(=S)N2c3ccccc3CC2C)cc1",1
"Cc1oc(-c2ccc3c(c2)OCCO3)cc1C(=O)NC(CCC(=O)[O-])C(=O)[O-]",1
"CCOC(=O)C([NH3+])CSC1CC(=O)N(c2ccc(C(=O)OC)cc2)C1=O",1
"O=C(CN1C(=O)C2CC=CCC2C1=O)Nc1ccc(-c2nnc3n2CCCCC3)cc1",1
"CC1CCCCC1NC(=O)CCS(=O)(=O)c1cccc2nonc12",1
"CC1CCCCC1NC(=O)C1CCN(C(=O)c2sccc2-n2cccc2)CC1",1
"O=C(COc1ccc(S(=O)(=O)NC2CCCCC2)cc1)NCCC1=CCCCC1",1
"Cc1oc(-c2ccccc2Cl)nc1CSCC(=O)NC1CCCC1",1
"Cc1cc(C(=O)COC(=O)C2=NNC(=O)CC2)c(C)n1-c1ccccc1",1
"C=C(C)CNC(=S)Nc1nc2c(cc1C(=O)OCC)CCCC2",1
"CC(=O)N1CC[NH+](CC(=O)c2ccc(Br)cc2)CC1",1
"Cc1ccc(S(=O)(=O)NCC2CCC(C(=O)NCc3ccccn3)CC2)cc1",1
"CCOc1cc(/C=N/N2C(=O)NC3(CCCCC3)C2=O)cc(Br)c1O",1
"Cc1ccc(C(C(=O)NC2CCCC2)N(Cc2ccc(F)cc2)C(=O)c2csnn2)o1",1
"COc1cccc(-n2c(SCC(=O)NC3CCCCC3)nc3nnc(C)c-3c2N)c1",1
"CCCCN(Cc1ccccc1)C(=O)C1CCCN(S(=O)(=O)c2c[nH]cn2)C1",1
"CCOC(=O)C1CCCN(S(=O)(=O)c2cc(OCC(=O)NC3CCCCC3)c(C)cc2Cl)C1",1
"CC(/C=C/c1ccc(N(C)C)cc1)=N/NC1=[NH+]C(=O)CC(C(=O)Nc2ccc(Cl)cc2)S1",1
"Cc1ccc(-c2cn(-c3ccccc3)c(SCC(=O)NC3CCS(=O)(=O)C3)[nH+]2)cc1C",1
"Cc1ccc(NC(=O)CN2C(=O)S/C(=C\c3cc(C)n(-c4cccc(C(=O)[O-])c4)c3C)C2=O)cc1",1
"CC(C)(C)C1CCc2onc(C(=O)N3CCOCC3)c2C1",1
"CCOC(=O)c1sc(=S)n(-c2cccc(OC)c2)c1N",1
"O=C([O-])c1ccccc1SC1CC(=O)N(C2CCCCC2)C1=O",1
"CCOC(=O)C1=C(C)C(c2ccc(OC)cc2)NC(S)=[NH+]1",1
"CC(SCc1ccccc1)C(=O)NN=C1CC[NH+](C)CC1",1
"CC(=O)N/C(=C\c1ccccc1)C(=O)OCC(=O)N1CCCCCC1",1
"CCO/C(O)=C1\C(C)=NC(=S)NC1c1ccsc1",1
"CC(C)c1ccc(/C=C/C(=O)NCc2ccc(S(N)(=O)=O)cc2)cc1",1
"CC1CCCC/C1=N\NC(=S)NCCc1ccccc1",1
"O=C([O-])c1nnsc1-c1ccc(-c2snnc2C(=O)[O-])cc1",1
"CC(=O)N1CCCc2cc(S(=O)(=O)NCCC3=CCCCC3)ccc21",1
"CCOC(=O)CN1C(=O)C(O)(C2CCc3ccccc3C2=O)c2ccccc21",1
"CCOC(=O)c1cc(C(C)(C)C)oc1CNC(=O)c1c(C)oc2c1CCCC2",1
"CCOC(=O)N1CCC(=NNS(=O)(=O)c2cccc([N+](=O)[O-])c2)CC1",1
"CCOC(=O)c1c(-c2ccc(OC)cc2)csc1NC=C1C(=O)CCCC1=O",1
"COc1ccccc1C(=O)/C=C/c1ccc(N2CCCCC2)c([N+](=O)[O-])c1",1
"CCOc1ccccc1NC(=O)C1=C(C)[NH+]=C(S)NC1c1cccs1",1
"CCOC(=O)C1CCN(C(=O)COc2ccc(S(=O)(=O)N3CCCC3)cc2C)CC1",1
"Cc1c(C(=O)[O-])cccc1-c1ccc(/C=C2/NC(=O)N(c3ccccc3)C2=O)o1",1
"CCOC(=O)C1(C)C(N=Nc2ccc(S(N)(=O)=O)cc2)=C(O)C(=O)N1c1ccccc1",1
"CC1CCN(C(=O)COc2cccc3c2CCN(Cc2ccccc2)C3=O)CC1",1
"CC1=C(C(=O)Nc2ccccc2C(F)(F)F)C(c2ccc(C)s2)NC(S)=[NH+]1",1
"Cc1cc(C(=O)N/N=C(\CCC(=O)[O-])c2cccs2)c2ccccc2n1",1
"O=C(/C=C(\c1ccc(Cl)cc1)n1cncn1)c1ccc(Cl)cc1",1
"C/C(=N\NC(=S)Nc1ccc(F)cc1)C1CC1",1
"COC(=O)c1c(NC(C)=O)sc2c1CCCCC2",1
"O=C(CCl)NC1CCCc2ccccc21",1
"COc1ccc(-n2c(SCC(=O)N3CCCCC3C)nnc2-c2cccnc2)cc1",1
"COc1ccc(NC(=O)C2CCC(N3C(=O)C4C5C=CC(C5)C4C3=O)CC2)cc1",1
